index,seed,virtual_packets
0,49621243,3
1,22643974,3
2,91398415,3
3,30076972,3
4,90382240,3
5,32232305,3
6,74881523,3
7,95922732,3
8,20716745,3
9,83153894,3
10,81743435,3
11,10702782,3
12,92115845,3
13,64293417,3
14,15938026,3
15,20317853,3
16,18442738,3
17,27998140,3
18,72964026,3
19,68268003,3
20,78119236,3
21,59645830,3
22,16572085,3
23,48961525,3
24,39431140,3
25,64661081,3
26,43225343,3
27,72931987,3
28,44177133,3
29,46118328,3
30,86371648,3
31,76899082,3
32,33861388,3
33,32165415,3
34,47887675,3
35,85104726,3
36,42070391,3
37,22130708,3
38,12416069,3
39,56041151,3
40,35730034,3
41,23322046,3
42,80868076,3
43,59043141,3
44,53360912,3
45,36786038,3
46,24596388,3
47,44369189,3
48,49040978,3
49,94069219,3
50,81176953,3
51,22252046,3
52,71201360,3
53,73016005,3
54,73219496,3
55,62854034,3
56,44690997,3
57,15433492,3
58,19880624,3
59,86484283,3
60,84741602,3
61,63336560,3
62,71768048,3
63,40704551,3
64,40628112,3
65,11997786,3
66,19116143,3
67,86599245,3
68,25996136,3
69,12491593,3
70,34922803,3
71,53426237,3
72,61837723,3
73,12964543,3
74,78551715,3
75,87158118,3
76,65597437,3
77,66309079,3
78,13381058,3
79,96939206,3
80,67428249,3
81,97224389,3
82,23760970,3
83,68751121,3
84,71304691,3
85,92395650,3
86,81140209,3
87,16829718,3
88,82754793,3
89,97959656,3
90,37521002,3
91,77601733,3
92,63023878,3
93,61502830,3
94,26709728,3
95,80862270,3
96,87446091,3
97,30527587,3
98,73552498,3
99,71479485,3
100,23550545,3
101,79496645,3
102,46518654,3
103,56277185,3
104,96333813,3
105,84187125,3
106,13584531,3
107,73967956,3
108,97454896,3
109,16709884,3
110,84270226,3
111,74863632,3
112,66871742,3
113,63659895,3
114,17251898,3
115,23342126,3
116,31478981,3
117,65528341,3
118,73080124,3
119,44003454,3
120,59910946,3
121,72564748,3
122,99654063,3
123,40541931,3
124,18909952,3
125,91335859,3
126,50346171,3
127,42479411,3
128,90133912,3
129,15688561,3
130,49689361,3
131,22739418,3
132,25792614,3
133,16826810,3
134,50019812,3
135,40490976,3
136,95060933,3
137,33925744,3
138,81006862,3
139,91220493,3
140,89299663,3
141,44575869,3
142,86669153,3
143,95917716,3
144,93402213,3
145,41970401,3
146,67329366,3
147,16583434,3
148,95325176,3
149,65492310,3
150,78687833,3
151,64846022,3
152,39549812,3
153,60143481,3
154,87109504,3
155,68862847,3
156,81092833,3
157,46275259,3
158,74682720,3
159,74516125,3
160,90538187,3
161,97383522,3
162,51277664,3
163,90774677,3
164,36624354,3
165,11754213,3
166,41895215,3
167,19399793,3
168,18251179,3
169,16561295,3
170,18034445,3
171,57518701,3
172,87191064,3
173,75951533,3
174,14176189,3
175,12078405,3
176,42592868,3
177,53176122,3
178,72866599,3
179,30143839,3
180,40425901,3
181,27326137,3
182,10689330,3
183,44651127,3
184,31177928,3
185,25273933,3
186,28572093,3
187,15316373,3
188,21549747,3
189,97181937,3
190,35988089,3
191,79804143,3
192,42968464,3
193,20838353,3
194,74938257,3
195,72203706,3
196,56804509,3
197,13290134,3
198,59805875,3
199,87223817,3
200,90693000,3
201,45233156,3
202,68132260,3
203,85774639,3
204,48683065,3
205,35344499,3
206,63164928,3
207,23420014,3
208,28115877,3
209,42147816,3
210,62795296,3
211,52839859,3
212,15223590,3
213,44267628,3
214,47051988,3
215,12969725,3
216,76004327,3
217,47511766,3
218,87746045,3
219,23851148,3
220,71696251,3
221,95565247,3
222,98217841,3
223,87501430,3
224,87089584,3
225,65810738,3
226,55356734,3
227,24364453,3
228,32370856,3
229,85462093,3
230,95887168,3
231,50227120,3
232,64731207,3
233,54524242,3
234,31379720,3
235,53381003,3
236,21431582,3
237,42737294,3
238,60522018,3
239,95826086,3
240,19437116,3
241,80944933,3
242,36287085,3
243,60952664,3
244,10454020,3
245,24265665,3
246,55809971,3
247,83216210,3
248,80089312,3
249,64914360,3
250,79062477,3
251,66739321,3
252,57575125,3
253,10665162,3
254,67770445,3
255,69045445,3
256,34371124,3
257,59850075,3
258,98966168,3
259,47341452,3
260,94985274,3
261,75445048,3
262,85145515,3
263,45382770,3
264,65341273,3
265,60729706,3
266,15559237,3
267,38364502,3
268,58164383,3
269,38953200,3
270,39173494,3
271,28061835,3
272,22212352,3
273,33260301,3
274,61175041,3
275,64469428,3
276,86460449,3
277,96267536,3
278,54779500,3
279,95434153,3
280,83742977,3
281,13654973,3
282,48714073,3
283,33962207,3
284,73985213,3
285,98638124,3
286,12604700,3
287,76185958,3
288,71973316,3
289,62095778,3
290,14758763,3
291,52398106,3
292,83407546,3
293,95267438,3
294,74541545,3
295,89523728,3
296,89080401,3
297,55558372,3
298,51309055,3
299,63070693,3
300,47005578,3
301,43524603,3
302,24646508,3
303,39044113,3
304,85837591,3
305,42439299,3
306,34903388,3
307,43640550,3
308,12525865,3
309,19793780,3
310,38105032,3
311,68515003,3
312,77874953,3
313,31233874,3
314,26879280,3
315,30522940,3
316,60314358,3
317,63433990,3
318,90556578,3
319,70159318,3
320,99405386,3
321,79410212,3
322,39592700,3
323,57076224,3
324,69325813,3
325,64625667,3
326,94507809,3
327,13416905,3
328,72476281,3
329,85741169,3
330,21448190,3
331,93822712,3
332,44500681,3
333,60843015,3
334,98338188,3
335,56866938,3
336,16939298,3
337,23289722,3
338,56524678,3
339,72183364,3
340,78991215,3
341,43937810,3
342,34284081,3
343,67125276,3
344,45948218,3
345,30485332,3
346,85914021,3
347,37660747,3
348,90418976,3
349,93956394,3
350,56188173,3
351,98737534,3
352,10492660,3
353,54595545,3
354,84469495,3
355,12458601,3
356,99730660,3
357,62732980,3
358,62165881,3
359,23339751,3
360,76398622,3
361,18880576,3
362,53742020,3
363,70872588,3
364,88478532,3
365,97162306,3
366,84823505,3
367,11610458,3
368,93998050,3
369,75903303,3
370,86719580,3
371,59927902,3
372,26192685,3
373,43524162,3
374,39931091,3
375,13760430,3
376,74567056,3
377,55580408,3
378,63887686,3
379,56655117,3
380,10440636,3
381,90148839,3
382,36425341,3
383,80420143,3
384,57938320,3
385,74984573,3
386,56862351,3
387,22162267,3
388,73287253,3
389,37308197,3
390,78699475,3
391,38253723,3
392,81683505,3
393,49750109,3
394,28811662,3
395,67714996,3
396,40681150,3
397,17945997,3
398,19761292,3
399,32354632,3
400,52310697,3
401,31022181,3
402,33585612,3
403,34032759,3
404,29299642,3
405,39287879,3
406,19943457,3
407,75602603,3
408,14630033,3
409,89538446,3
410,98235598,3
411,69933749,3
412,25817489,3
413,54344573,3
414,63857169,3
415,73039836,3
416,94648834,3
417,52282644,3
418,86226666,3
419,13681222,3
420,41559334,3
421,89907494,3
422,12499759,3
423,92550134,3
424,54357575,3
425,76945137,3
426,10684284,3
427,60092799,3
428,26578132,3
429,20110547,3
430,69102975,3
431,11333653,3
432,86948280,3
433,71001439,3
434,65733155,3
435,32155319,3
436,61972632,3
437,15256046,3
438,97312878,3
439,77050256,3
440,12554967,3
441,67411099,3
442,25590825,3
443,56957452,3
444,95170176,3
445,34928938,3
446,71757175,3
447,48358308,3
448,56490811,3
449,67452927,3
450,57620364,3
451,39999142,3
452,52484169,3
453,25296774,3
454,70444980,3
455,10808190,3
456,62982319,3
457,74062647,3
458,27959840,3
459,65271661,3
460,12363889,3
461,41080644,3
462,10707324,3
463,91278926,3
464,40253420,3
465,80129987,3
466,28978878,3
467,13909390,3
468,17903256,3
469,90806054,3
470,53261788,3
471,93622631,3
472,16887068,3
473,30099659,3
474,50355074,3
475,34821100,3
476,42292359,3
477,50541128,3
478,40216043,3
479,34984702,3
480,29806245,3
481,44390048,3
482,15886009,3
483,24233507,3
484,15297453,3
485,51897134,3
486,49024632,3
487,96931271,3
488,76595344,3
489,11253506,3
490,55457429,3
491,93970497,3
492,16808083,3
493,81460750,3
494,88816935,3
495,89588821,3
496,61672154,3
497,89587050,3
498,28093922,3
499,77298900,3
500,92729407,6
501,94418013,6
502,15965703,6
503,53908523,6
504,36479278,6
505,53520471,6
506,33704653,6
507,76268344,6
508,73369187,6
509,48655443,6
510,78625688,6
511,53647011,6
512,71613617,6
513,36642938,6
514,90784343,6
515,72500954,6
516,32152702,6
517,99571908,6
518,62104651,6
519,25996811,6
520,89834336,6
521,23182569,6
522,66861833,6
523,94856453,6
524,72499205,6
525,18844951,6
526,25305400,6
527,79302286,6
528,31366917,6
529,79444452,6
530,67782993,6
531,83253451,6
532,73314363,6
533,33126444,6
534,38822771,6
535,75754902,6
536,85570859,6
537,27208863,6
538,52060002,6
539,40108007,6
540,49140208,6
541,33880697,6
542,37454673,6
543,31908695,6
544,76087202,6
545,28119886,6
546,45711452,6
547,57320257,6
548,76904167,6
549,95943755,6
550,80725003,6
551,74563548,6
552,51128317,6
553,67846579,6
554,49606774,6
555,39747849,6
556,48900497,6
557,33620743,6
558,15739260,6
559,89971549,6
560,59972440,6
561,37061062,6
562,35832225,6
563,75401438,6
564,46120273,6
565,93072760,6
566,33643877,6
567,59409728,6
568,85366077,6
569,11480063,6
570,32213084,6
571,43567583,6
572,89108452,6
573,80799338,6
574,88314654,6
575,64652352,6
576,23388959,6
577,58767665,6
578,68179666,6
579,52722044,6
580,83857421,6
581,32324635,6
582,53243000,6
583,88162031,6
584,18404702,6
585,69639809,6
586,17709847,6
587,90716890,6
588,38796263,6
589,58991074,6
590,10023427,6
591,91770533,6
592,16506020,6
593,39138002,6
594,76271321,6
595,89765807,6
596,11415637,6
597,30257218,6
598,91797989,6
599,95069015,6
600,98893705,6
601,38904984,6
602,90403640,6
603,73253670,6
604,14422528,6
605,13889182,6
606,31883826,6
607,46319982,6
608,21518540,6
609,13508424,6
610,72072295,6
611,79112067,6
612,16312868,6
613,37024087,6
614,95352137,6
615,31065745,6
616,83805809,6
617,43522255,6
618,60660335,6
619,20237524,6
620,97369802,6
621,59392452,6
622,27987112,6
623,90468857,6
624,54032870,6
625,30158709,6
626,50095834,6
627,43831175,6
628,99031239,6
629,82553050,6
630,58346530,6
631,64108222,6
632,53797318,6
633,83976235,6
634,15760455,6
635,71435822,6
636,38009851,6
637,23235118,6
638,73874755,6
639,68796427,6
640,67607732,6
641,50676701,6
642,25756868,6
643,28496217,6
644,37113882,6
645,84540099,6
646,42292637,6
647,55482866,6
648,90767554,6
649,21459662,6
650,36749986,6
651,98044232,6
652,68572603,6
653,11950483,6
654,54752741,6
655,39092847,6
656,83103670,6
657,14527676,6
658,68281191,6
659,22800549,6
660,20259665,6
661,30480801,6
662,21679167,6
663,25030660,6
664,88772611,6
665,41695263,6
666,91423307,6
667,20514080,6
668,45384705,6
669,53378667,6
670,87616069,6
671,77547765,6
672,89510144,6
673,35680349,6
674,68796979,6
675,76720981,6
676,95453380,6
677,72352477,6
678,46483846,6
679,78453296,6
680,47931757,6
681,87052223,6
682,80328555,6
683,25733188,6
684,78377809,6
685,10604371,6
686,83309372,6
687,36790161,6
688,57707606,6
689,45248585,6
690,39853979,6
691,59274080,6
692,12029647,6
693,67193287,6
694,24927283,6
695,18667994,6
696,42653562,6
697,81859003,6
698,67478058,6
699,98966037,6
700,75638105,6
701,49058109,6
702,40216489,6
703,52067859,6
704,92147533,6
705,79979165,6
706,96842723,6
707,22658049,6
708,52768788,6
709,69287313,6
710,20897247,6
711,90325586,6
712,51930849,6
713,37518739,6
714,87331935,6
715,45497441,6
716,46292765,6
717,23518167,6
718,58078697,6
719,36329957,6
720,31548163,6
721,44798983,6
722,82071350,6
723,97208605,6
724,38884270,6
725,44080737,6
726,61569231,6
727,48162432,6
728,92532228,6
729,57289446,6
730,66687758,6
731,52938165,6
732,67100648,6
733,18337066,6
734,69254148,6
735,39785956,6
736,69825130,6
737,28988435,6
738,31417856,6
739,90497393,6
740,81119553,6
741,45916191,6
742,45910231,6
743,89879624,6
744,32726247,6
745,24075899,6
746,72722728,6
747,68663324,6
748,84254632,6
749,95965865,6
750,14656681,6
751,66968167,6
752,87474266,6
753,34989641,6
754,11729880,6
755,28752263,6
756,52832311,6
757,48605787,6
758,30924502,6
759,57402609,6
760,46145921,6
761,87924011,6
762,71754152,6
763,84113714,6
764,41209548,6
765,89888048,6
766,77835883,6
767,92326294,6
768,78994963,6
769,74331898,6
770,57984768,6
771,82379121,6
772,91421019,6
773,43398340,6
774,67816267,6
775,38562748,6
776,41503210,6
777,95371381,6
778,97399866,6
779,18820105,6
780,10869012,6
781,83473107,6
782,24552566,6
783,25731765,6
784,69104499,6
785,84799303,6
786,88137239,6
787,22698684,6
788,42335079,6
789,14627280,6
790,11792316,6
791,74503372,6
792,14195847,6
793,46461434,6
794,99599523,6
795,16790062,6
796,27933658,6
797,79319534,6
798,82924092,6
799,49232041,6
800,72323152,6
801,94006641,6
802,44348453,6
803,84017533,6
804,64204376,6
805,63171947,6
806,65730002,6
807,15044162,6
808,58721233,6
809,67377895,6
810,47111650,6
811,91420601,6
812,28656721,6
813,44280774,6
814,63806759,6
815,50986192,6
816,14551984,6
817,85869866,6
818,66924226,6
819,46818749,6
820,71826384,6
821,18885737,6
822,74443333,6
823,84331874,6
824,20808887,6
825,87275715,6
826,74155699,6
827,70173806,6
828,71620158,6
829,64039407,6
830,40709927,6
831,49443969,6
832,47624646,6
833,30426467,6
834,50982355,6
835,42884462,6
836,58192646,6
837,73603045,6
838,93497989,6
839,66880948,6
840,87461138,6
841,72651786,6
842,67194241,6
843,66800219,6
844,85390692,6
845,17133783,6
846,64956275,6
847,14093882,6
848,61260908,6
849,64883863,6
850,53084187,6
851,37388481,6
852,13939043,6
853,39420492,6
854,68075860,6
855,87982631,6
856,21928467,6
857,23525900,6
858,29162176,6
859,78741075,6
860,22978507,6
861,74638943,6
862,77373851,6
863,68472554,6
864,56151812,6
865,75918118,6
866,90997884,6
867,19719328,6
868,91705712,6
869,55043495,6
870,24748557,6
871,95604319,6
872,29830356,6
873,12346378,6
874,81809169,6
875,99610888,6
876,53605908,6
877,18834181,6
878,55312759,6
879,95077664,6
880,99669775,6
881,33314497,6
882,20011965,6
883,62544854,6
884,55196452,6
885,79432622,6
886,20698162,6
887,46708488,6
888,23404725,6
889,31004793,6
890,88405248,6
891,78439346,6
892,78156467,6
893,85322800,6
894,50795646,6
895,26189696,6
896,85321583,6
897,22410212,6
898,40433358,6
899,24545287,6
900,25085011,6
901,66321689,6
902,80971085,6
903,83625174,6
904,25850158,6
905,19879523,6
906,43719419,6
907,36927826,6
908,51132396,6
909,62268272,6
910,23930555,6
911,56622671,6
912,49890829,6
913,89087648,6
914,24924326,6
915,75025745,6
916,79180868,6
917,61426047,6
918,92941541,6
919,75457649,6
920,98380392,6
921,32620313,6
922,98276958,6
923,73293296,6
924,67480788,6
925,18403675,6
926,85045918,6
927,49883589,6
928,69966395,6
929,18726969,6
930,83252581,6
931,44517977,6
932,65871597,6
933,65929454,6
934,57481293,6
935,25154017,6
936,32463730,6
937,24695463,6
938,51001953,6
939,84625563,6
940,83573985,6
941,46499099,6
942,12139381,6
943,26323673,6
944,32368791,6
945,94712283,6
946,86327833,6
947,24908584,6
948,22194450,6
949,83760788,6
950,20779332,6
951,84502606,6
952,35065162,6
953,23783553,6
954,64636444,6
955,17432134,6
956,55188298,6
957,41243310,6
958,98871996,6
959,97867268,6
960,23428713,6
961,47607353,6
962,55902299,6
963,97116088,6
964,28918434,6
965,22476096,6
966,88693969,6
967,66735336,6
968,60903416,6
969,96092518,6
970,60619295,6
971,54350168,6
972,56943795,6
973,79772393,6
974,86651324,6
975,87986659,6
976,36001837,6
977,25339165,6
978,23757829,6
979,53264217,6
980,53904154,6
981,46798701,6
982,52769174,6
983,39566206,6
984,17338023,6
985,97246816,6
986,59434973,6
987,15506738,6
988,41247292,6
989,55832864,6
990,85018765,6
991,90736913,6
992,14085541,6
993,54640741,6
994,24529899,6
995,60270792,6
996,11559469,6
997,96192954,6
998,71723601,6
999,60503960,6
