wavelength,flux
7.198284485492581e-16,
-8.179217131691352e-17,
-3.3876627566569955e-17,
2.802241869908955e-16,
5.8819541042000415e-16,
1.683275906890622e-16,
5.864879697826316e-16,
3.9604326372600904e-16,
9.358227277528117e-18,
2.6074221114117616e-16,
8.320895041117222e-16,
7.770756107109198e-16,
1.0846162610054602e-16,
-1.6166586418674513e-16,
-8.269228657426563e-16,
5.003524375714766e-16,
7.71796659755966e-16,
-7.608189490927115e-16,
6.452565095660974e-17,
-1.6258853423279662e-17,
2.4511952737970775e-16,
-1.2516527111928899e-16,
6.864080430861473e-16,
3.429473692845968e-17,
8.656568149319479e-17,
6.855127574621235e-16,
-1.4090381152734245e-16,
1.079004698422992e-15,
8.185966660973791e-17,
4.0030048041915136e-16,
4.519975734010423e-16,
2.741306670494876e-16,
6.783951572284945e-16,
2.426689085184717e-16,
2.8024462082865953e-16,
2.642266895266503e-16,
2.491366497044791e-16,
4.670621593374313e-16,
4.237511695277844e-16,
1.2141158069045062e-17,
5.20563647891785e-16,
6.084973824623233e-16,
6.337285741620343e-17,
3.6413967579565906e-16,
3.074897061227464e-16,
4.590804699542256e-16,
6.339360053053082e-17,
-1.4879054578214503e-17,
2.5745404231883617e-17,
2.083878147004739e-17,
3.762486176155581e-16,
1.2076242984537202e-16,
3.024325920793702e-16,
5.438527359806621e-16,
3.2343981781879e-16,
1.8741206400165244e-16,
4.0373463899646016e-17,
1.9596974565837538e-16,
8.764965137105806e-17,
3.1204779295106284e-16,
3.2240098320450026e-16,
5.075885760396477e-16,
3.2697542932037353e-16,
1.6047206677523372e-16,
1.5701182418954166e-16,
3.0124309271036157e-16,
2.0059212447545817e-16,
4.429317991752996e-17,
3.467526884086866e-16,
2.896224960767869e-16,
1.9151657841390695e-16,
5.660054583813161e-17,
2.956030644521631e-16,
1.2164396108614377e-16,
2.826403309951594e-16,
2.552407188999773e-16,
1.7486564201530356e-16,
2.279758824179763e-16,
9.879849603325786e-17,
1.8700291601738222e-16,
8.105298656743204e-17,
2.3597946547155436e-16,
2.4918884060261393e-16,
1.7361847827107338e-16,
9.732014907890033e-17,
2.1781520121519105e-16,
4.034947271691185e-16,
1.9271983778416486e-16,
2.6708363082119634e-16,
4.0722071818686673e-17,
2.238557076704752e-16,
9.445816897889887e-17,
3.0927043904453075e-16,
3.9201367106226295e-16,
2.541159486694132e-16,
2.544306035690376e-16,
8.192652543929075e-17,
1.9279374298467763e-16,
2.1095087227486555e-16,
1.6120114265160472e-16,
1.286914368871183e-16,
1.1704382614903946e-16,
1.933372208407179e-16,
1.7292451366462218e-16,
3.4882003925876535e-16,
7.354191561459446e-17,
2.405026816211066e-16,
1.907169433203066e-16,
1.171127922486889e-17,
5.236800303570003e-17,
5.731514795865651e-17,
2.0436470222003432e-16,
2.589503160180324e-16,
1.3548779520557522e-16,
8.505385346018365e-17,
2.373235995395978e-16,
1.1966287064799414e-16,
1.6656555423059798e-16,
1.6907629668233443e-16,
2.176495467130337e-16,
4.9045141414202134e-17,
2.0406168106300821e-16,
2.0242795309377187e-16,
2.037616189313207e-16,
1.1970456960966121e-16,
1.5168515725860638e-16,
1.62492979209867e-16,
5.92607358859421e-17,
1.1867043668742185e-16,
1.5635644636090493e-16,
1.6312097390108518e-16,
1.8772236544728057e-16,
2.5837189561253314e-16,
1.7187206954057122e-16,
1.1513195638798203e-16,
1.5049974391755228e-16,
2.667441587758539e-16,
1.3700217981201041e-16,
1.2990892277161772e-16,
2.1974427178666086e-16,
1.8869555645404316e-16,
1.3334719144584724e-16,
1.818986583021962e-16,
1.38893604869667e-16,
1.5443943925450665e-16,
2.276276807903607e-16,
1.7367261579476402e-16,
2.2711409280408385e-16,
2.442575604763739e-16,
4.949696129481416e-17,
1.1152097722954131e-16,
2.6495756544344683e-16,
2.3940777873360164e-16,
1.5924780743921316e-16,
1.524139675700599e-16,
3.114473972664876e-16,
1.880945624983572e-16,
2.0545145339249181e-16,
6.326528159420544e-17,
1.1648449329761736e-16,
1.856252077205395e-16,
1.3842357092982375e-16,
1.6521224120235326e-16,
2.0796272873312516e-16,
2.0120062601231062e-16,
1.695090525424069e-16,
1.6578441089581092e-16,
1.9732970009464995e-16,
1.7740627358228744e-16,
1.9210548033330133e-16,
1.9716060306517488e-16,
2.0011499771955532e-16,
1.8445491415335222e-16,
1.8819520833143714e-16,
1.3875344218243924e-16,
2.36580450146027e-16,
2.387898622527901e-16,
1.793177585589577e-16,
2.0086451895022495e-16,
1.5299545735768686e-16,
1.722564398235164e-16,
1.5934318588594825e-16,
1.9572859707707674e-16,
1.5619067143396116e-16,
1.3514679996330736e-16,
1.7103043441725392e-16,
1.4044094844529961e-16,
1.4079444082376443e-16,
1.8135691855405182e-16,
2.1661421719867152e-16,
1.7421092122527225e-16,
6.370950510171382e-17,
9.910326770107792e-17,
1.6894302481602034e-16,
2.0282856169350033e-16,
2.031569272577049e-16,
1.4821014654544803e-16,
1.638853014898839e-16,
1.4396660543093055e-16,
8.272408320456218e-17,
1.445115450818615e-16,
2.216960699882963e-16,
1.7629540662837799e-16,
1.0957476521608447e-16,
2.251566200284485e-16,
2.8141231828895103e-16,
2.0942072966854022e-16,
2.2837286942574503e-16,
1.7685274131948105e-16,
1.886721239817008e-16,
1.6800213087287783e-16,
1.6182866533043964e-16,
2.184071552735226e-16,
1.6005201067358943e-16,
1.7817992385100171e-16,
2.476698542372965e-16,
1.703245067341273e-16,
2.383047701846258e-16,
1.5839781015019144e-16,
1.941449071090172e-16,
2.687005029882489e-16,
2.2369557550948416e-16,
2.3473262668097625e-16,
1.8131100097885702e-16,
1.1450464814102242e-16,
1.3223022539339038e-16,
1.7746521161526568e-16,
2.1172411975512884e-16,
8.210904534774232e-17,
1.3237487169179731e-16,
2.149907238074909e-16,
1.0952716901693149e-16,
1.9122991386253707e-16,
1.9493012516737506e-16,
1.496018473598566e-16,
1.464023958196032e-16,
1.6614762207428461e-16,
1.7700626669093617e-16,
1.6582162162736237e-16,
1.796720831389787e-16,
1.733859419612232e-16,
1.8171616051271083e-16,
1.786817042607384e-16,
1.695141358805935e-16,
1.2971335475048002e-16,
1.192795771119501e-16,
1.54582024342536e-16,
1.6443500670252338e-16,
1.831881377193278e-16,
2.1253299624956125e-16,
1.7203228972714318e-16,
1.7075859357905978e-16,
1.3652160147533465e-16,
1.466012793505122e-16,
1.8962343951389413e-16,
1.724755920470789e-16,
1.7855748415769063e-16,
1.9207382853367288e-16,
1.5065330644384587e-16,
1.4894290454425268e-16,
1.188587987487182e-16,
1.648390202803473e-16,
1.3630157163934977e-16,
1.6019597847026305e-16,
1.4709055751093242e-16,
1.4352295506808118e-16,
1.3825073469188283e-16,
1.7796968686336262e-16,
1.391600252019229e-16,
1.6013257794485159e-16,
1.4583221386003011e-16,
1.9084954438562356e-16,
1.5078477870155182e-16,
1.9009644119637853e-16,
1.885456576218231e-16,
1.3559211458649315e-16,
1.3059157993174648e-16,
1.8889304895580633e-16,
1.6137669079035306e-16,
1.2833131871649776e-16,
1.5588887289015042e-16,
1.3418613680425438e-16,
1.0274406101473821e-16,
1.1416997976465572e-16,
1.7104087623144257e-16,
1.5910087856012969e-16,
1.330644639408669e-16,
1.4022107102637908e-16,
1.5206606665158344e-16,
1.2595754386206916e-16,
1.255827840182187e-16,
1.3984289019839927e-16,
1.6793728354297477e-16,
1.2712696832603236e-16,
1.6910204345172257e-16,
1.3938396553270097e-16,
1.4841133237018918e-16,
1.4845537332167419e-16,
1.036700848079974e-16,
1.4572145003155647e-16,
1.7886959263300265e-16,
1.317891989769879e-16,
1.617116141800061e-16,
1.2057736288071797e-16,
1.460046898823475e-16,
1.72728469100461e-16,
1.3769664653145698e-16,
1.260271415915806e-16,
1.663860039882852e-16,
1.4731343698256956e-16,
1.5952445585957323e-16,
1.475285206171294e-16,
1.8680596691838292e-16,
2.4865606782043234e-16,
2.0241954884305726e-16,
1.915872512845336e-16,
2.0072595491880777e-16,
1.7918934858612527e-16,
1.4497339427795184e-16,
1.741329337467236e-16,
1.4252082884011015e-16,
1.4150385724867942e-16,
1.66357015832124e-16,
2.0920889754751287e-16,
1.297598791550095e-16,
1.6767428372910447e-16,
1.9135949691109806e-16,
1.9605144078882313e-16,
1.9220233628158007e-16,
1.397391191551583e-16,
1.2693465983228575e-16,
1.79941771191505e-16,
1.536676871384461e-16,
1.372452078627158e-16,
1.681563792252851e-16,
1.6381067025517195e-16,
1.65962705321047e-16,
1.467336109277887e-16,
1.5813364390337197e-16,
1.2477334327039561e-16,
1.1866355183200823e-16,
1.1461538223394398e-16,
1.5143846633622277e-16,
1.4105254649817942e-16,
1.287208896638422e-16,
1.3247069917325056e-16,
1.681035059828667e-16,
1.4366599502091093e-16,
1.3021608570595366e-16,
1.1738306781347793e-16,
1.37887255959113e-16,
1.243303836037767e-16,
1.0165609754700577e-16,
1.3928501846966253e-16,
1.2614516356346112e-16,
1.0483041837705149e-16,
1.52535996251253e-16,
1.6025219892430068e-16,
1.4646598969733327e-16,
8.707686885547621e-17,
1.4570909533308278e-16,
1.5654214317951192e-16,
1.0736594365165169e-16,
1.4175663936138505e-16,
1.6362628651950426e-16,
1.4068781768892156e-16,
1.307993505216473e-16,
1.23943866028544e-16,
1.6361786409450367e-16,
1.9796798914855455e-16,
1.667678159146354e-16,
1.7417338238659196e-16,
1.4341737576133153e-16,
1.5184856741342033e-16,
1.4372234585511437e-16,
1.0762766023250572e-16,
1.4824092816101682e-16,
1.3279884766652782e-16,
1.2842692242593255e-16,
1.5305314242034738e-16,
1.398191275101064e-16,
1.5730067616336827e-16,
1.674166627050705e-16,
1.7011661111139313e-16,
1.5653208401678178e-16,
1.3265927679481658e-16,
9.549342645979335e-17,
1.2341634895169998e-16,
1.4245021617685067e-16,
1.6540347333350055e-16,
1.6786328236855517e-16,
1.561059498228045e-16,
1.3453130544120973e-16,
1.4898740466154421e-16,
1.216679198288877e-16,
1.3186432011123644e-16,
1.0468255998089663e-16,
1.4902054398616009e-16,
1.3619762240536643e-16,
1.682873742742526e-16,
1.5199881907600202e-16,
1.7913999632842432e-16,
1.2397766913198299e-16,
1.907341735479319e-16,
1.3292126002010895e-16,
1.5633044481069524e-16,
1.4699468793613133e-16,
9.956643959209765e-17,
1.2779547814587425e-16,
1.401988921029874e-16,
1.533820315536484e-16,
1.7470925770722904e-16,
1.157768511152102e-16,
1.1732100617612583e-16,
1.1063651276918284e-16,
9.542770129537392e-17,
1.215365551854737e-16,
1.2810487664550538e-16,
1.4422762593371442e-16,
1.0345827529058086e-16,
5.175063245146385e-17,
1.09849300779784e-16,
1.2135138559660906e-16,
1.189005169564882e-16,
1.2648886337529104e-16,
1.3852752547742242e-16,
1.0541805806878178e-16,
1.566027254815404e-16,
9.323624231599574e-17,
1.1922771178050024e-16,
1.3910450234422776e-16,
1.3245972513203953e-16,
1.4131283163688707e-16,
1.3661810463905268e-16,
1.4283883545585758e-16,
1.0952283031889491e-16,
1.1365815797823084e-16,
1.070436890412759e-16,
8.289628652253971e-17,
1.3800326431405507e-16,
1.1014408991244449e-16,
1.1036786260842251e-16,
1.0745158482010624e-16,
6.412345755042837e-17,
1.246190390397256e-16,
1.1010372467141049e-16,
9.35507492298392e-17,
1.5147237814313913e-16,
1.3561527963490328e-16,
1.7586037426129595e-16,
1.4160104126372712e-16,
1.4513958335182665e-16,
1.6096673309546485e-16,
1.1876141849514063e-16,
1.3511519270658878e-16,
1.3129270285890996e-16,
1.2767127255181424e-16,
1.5097225195677527e-16,
1.0283634087712696e-16,
1.3742479707763953e-16,
1.0658450811924811e-16,
1.0884843454501003e-16,
1.3077589069136852e-16,
1.2548263719994807e-16,
1.5390806004610682e-16,
1.1489410201115308e-16,
8.408736788226171e-17,
9.385560039028259e-17,
7.542058685200668e-17,
5.673794163418888e-17,
7.650476750363846e-17,
1.5063747209934209e-16,
1.608121159922846e-16,
1.2795819638629763e-16,
6.032920638111755e-17,
1.4978041180984794e-16,
1.8554509475987956e-16,
9.695670319953858e-17,
1.655685675793884e-16,
1.4912525896028817e-16,
1.5841339628656434e-16,
1.1306073019286567e-16,
1.1462186113047452e-16,
1.251448169652619e-16,
1.3464073034553197e-16,
1.1247015164721237e-16,
8.869973972405786e-17,
1.2133919671948003e-16,
1.3937077380705645e-16,
1.4196189897815674e-16,
1.4899351055816641e-16,
1.2986857969015818e-16,
1.012544017995889e-16,
8.376245391549696e-17,
1.1476051544201119e-16,
1.5060247137651719e-16,
5.5294617044366866e-17,
1.4041084123812535e-16,
9.73372898708235e-17,
1.2428440105845596e-16,
9.738999916741539e-17,
1.4694424563109792e-16,
1.3920301872354215e-16,
1.4169508413426178e-16,
1.1512288110900936e-16,
1.0324195822989513e-16,
7.839990447671376e-17,
1.1602932794400376e-16,
1.2499458900970085e-16,
1.63948945292851e-16,
1.838957092214539e-16,
1.9420130684448466e-16,
1.3959204151064025e-16,
1.1072448073634514e-16,
9.739655443986806e-17,
1.5437642725126857e-16,
1.229072802185513e-16,
1.2179082861543207e-16,
1.584644220956637e-16,
8.082296816368756e-17,
1.1170741016322771e-16,
1.3125532589559314e-16,
1.2004652073155737e-16,
1.2274687689726266e-16,
1.3117232563683254e-16,
9.928980885903516e-17,
1.203560023714559e-16,
1.1043140092831498e-16,
1.3983869318100573e-16,
5.581730410667414e-17,
1.3853696606883218e-16,
1.5225989285806057e-16,
1.330414302134033e-16,
1.1000606540800736e-16,
1.3522917296949104e-16,
1.1397882610787166e-16,
1.196285758850995e-16,
1.2699325352524275e-16,
1.148974468643135e-16,
1.234437435189765e-16,
1.3552791372517806e-16,
1.2762723623755115e-16,
9.049145942096023e-17,
1.0577111711993707e-16,
8.431790612638407e-17,
1.2212598593306972e-16,
1.5197646437762484e-16,
1.417259664189129e-16,
1.0287830524422068e-16,
8.30801773303035e-17,
8.550362482962791e-17,
9.059090119553539e-17,
1.534459576689089e-16,
9.725275636429645e-17,
1.1214539425730124e-16,
1.354391401509774e-16,
1.2090457462109486e-16,
9.755682822029301e-17,
1.3457780659639998e-16,
1.1466518249749239e-16,
8.654346876640443e-17,
8.609441500979171e-17,
7.635309409732135e-17,
9.255946422794339e-17,
9.23952111657449e-17,
1.1292317007507857e-16,
9.21403212226741e-17,
1.1575236816683963e-16,
1.0850313188680139e-16,
1.6918725003328307e-16,
1.3290170966427333e-16,
1.3922627430949255e-16,
1.286283321998807e-16,
1.0501634918369928e-16,
1.1702195399303643e-16,
1.1636459884747695e-16,
8.665886345971151e-17,
1.0790091381500354e-16,
1.1060936954154598e-16,
1.2377080541288042e-16,
9.878008467217492e-17,
1.056365314737838e-16,
1.0807934384096845e-16,
1.0294361640925635e-16,
9.453939209019687e-17,
1.294216469008122e-16,
1.2854103819248377e-16,
9.524710432374824e-17,
1.0315407682545636e-16,
1.09151283472888e-16,
8.84178627689424e-17,
1.084967207817912e-16,
7.19294208332785e-17,
9.365767479225597e-17,
7.78553090218461e-17,
9.19337874699189e-17,
1.1739141868334215e-16,
1.179122760658096e-16,
1.1074325339820336e-16,
1.2296210285856637e-16,
1.0925112953740716e-16,
1.0476625108858511e-16,
1.0099615213575513e-16,
7.248851777018527e-17,
1.0039490500762271e-16,
1.146781589081368e-16,
1.0986899286427111e-16,
1.1634864918574258e-16,
1.0105289914065038e-16,
9.551441257906045e-17,
1.22517319147078e-16,
9.393132834400527e-17,
8.455118886291483e-17,
9.276298419330934e-17,
7.334547325588232e-17,
7.771610359315328e-17,
1.0649066303305745e-16,
7.331035284782714e-17,
9.367146576633018e-17,
8.209630522652817e-17,
1.3808187203596418e-16,
1.0094998684298876e-16,
1.2838504092106478e-16,
8.95134790741455e-17,
8.665014542464752e-17,
9.167849815905661e-17,
8.884301403016407e-17,
1.2182001931839994e-16,
4.459695878094739e-17,
9.325743956062018e-17,
1.0021757025622188e-16,
6.101547868276486e-17,
8.354737292803763e-17,
9.719240694803906e-17,
9.920713886565778e-17,
1.0657678347041987e-16,
7.275454264937516e-17,
5.840710936544943e-17,
1.0331653003456604e-16,
6.428765385412849e-17,
4.024200789929983e-17,
7.210270800316288e-17,
1.3182015190734883e-16,
1.0191488570339469e-16,
8.08475210695393e-17,
9.837649559286211e-17,
1.189976299723738e-16,
7.648866579105447e-17,
9.436882403750856e-17,
1.3409793468794933e-16,
1.1836560143524226e-16,
1.0543641638191269e-16,
9.621829507554492e-17,
8.458455651827868e-17,
9.209613350627463e-17,
1.1044850414279837e-16,
6.871947932529531e-17,
1.0594852489253371e-16,
9.034225478126552e-17,
9.941663551257276e-17,
8.258040067116677e-17,
1.1017771567603238e-16,
1.072417298070539e-16,
9.298602966274966e-17,
9.859563650857906e-17,
9.58145392904488e-17,
8.36708127191784e-17,
6.93187549961676e-17,
5.3651185560152074e-17,
6.942630387757701e-17,
9.669856896134647e-17,
7.891267269669735e-17,
9.94865171178072e-17,
8.529606134263763e-17,
1.425849981994754e-16,
8.787062589419033e-17,
6.225899398585591e-17,
7.989125401508447e-17,
1.0617784095403922e-16,
1.144469150662868e-16,
1.282058617942256e-16,
9.853246261716726e-17,
9.539734145141964e-17,
1.2404865322122867e-16,
1.1401879500517796e-16,
7.669111332042162e-17,
8.287605623814895e-17,
5.915681433162869e-17,
7.973874547982731e-17,
1.0779497071561552e-16,
9.569160077024338e-17,
9.582863119404189e-17,
8.30125269390299e-17,
8.871177664965681e-17,
8.430325196258478e-17,
1.092786668960837e-16,
1.2081011202014874e-16,
9.895010194912877e-17,
9.277673686163046e-17,
1.229443799701811e-16,
1.13813440890007e-16,
1.4695734556782552e-16,
1.4126185348774118e-16,
1.0852730302976412e-16,
1.3443181002920727e-16,
1.1277574726339222e-16,
9.103516194852105e-17,
8.852762697831596e-17,
1.0541625077964164e-16,
8.171179675441201e-17,
1.427316848500419e-16,
1.0233165138231061e-16,
1.2006963739595483e-16,
1.0865057624284612e-16,
9.886124575708346e-17,
1.0430014087304407e-16,
1.0507342003796492e-16,
7.740505801240768e-17,
9.632769891464182e-17,
1.3048208668648684e-16,
9.853274826168574e-17,
1.1911994698786414e-16,
1.106874480342975e-16,
1.0071625370853275e-16,
1.121680617932629e-16,
1.1282753096296022e-16,
1.2132810639506894e-16,
9.068687286038782e-17,
1.1334002323236412e-16,
9.519302376795888e-17,
3.975411113202585e-17,
8.383268231044784e-17,
9.870343112622052e-17,
9.626324665120289e-17,
1.16535943325742e-16,
9.902068104104128e-17,
9.819261106152256e-17,
1.1047256882389299e-16,
9.107554260764739e-17,
1.0965770134563195e-16,
8.17364417746951e-17,
1.141510361742213e-16,
1.2772766441240895e-16,
8.552041246654757e-17,
1.0614653906820063e-16,
1.223818096174959e-16,
1.2692411415387405e-16,
1.1681307511840453e-16,
9.877626814073174e-17,
8.792683833187427e-17,
1.0143065513673734e-16,
1.1938786637327184e-16,
7.664046550642054e-17,
8.431838110475204e-17,
9.297123846122931e-17,
8.475648140425232e-17,
7.524566442383364e-17,
9.76644404632978e-17,
1.180614801402134e-16,
1.182905399752005e-16,
1.0465056468399635e-16,
9.570200354950752e-17,
1.1863441246446846e-16,
9.941120400906019e-17,
8.118183244094136e-17,
7.946990551583968e-17,
1.0845405333021319e-16,
9.593593686239765e-17,
6.699687009095076e-17,
7.248630106410601e-17,
8.721003051218379e-17,
9.066314658485691e-17,
7.172880469771841e-17,
8.60370145056709e-17,
1.0018396013858126e-16,
6.519245350376489e-17,
1.1135862018118604e-16,
9.031236071402334e-17,
9.461202768155286e-17,
7.828510276740441e-17,
1.2139197088453936e-16,
1.1394842858003323e-16,
9.263123749010799e-17,
7.83690384406678e-17,
9.264860504221928e-17,
9.063968609621786e-17,
1.3011973796020198e-16,
1.0096434646817079e-16,
1.0921325908206897e-16,
8.988848215838437e-17,
6.632048500683331e-17,
1.0235708912466416e-16,
8.973252276507135e-17,
1.1082711661744597e-16,
9.03692634895987e-17,
9.027799516846062e-17,
1.1010673622625913e-16,
1.022993567893682e-16,
6.962305999211258e-17,
7.648860164202563e-17,
6.562014958657601e-17,
8.685450118129479e-17,
6.978102042291432e-17,
5.720660458687715e-17,
7.263177106180376e-17,
1.0094630515852671e-16,
9.653264370236278e-17,
7.509680026466691e-17,
9.286342621998035e-17,
1.0881404304485799e-16,
5.062537091918496e-17,
1.1892205311708587e-16,
1.1266122491004813e-16,
8.619392458815278e-17,
1.051662480534365e-16,
4.623163237475129e-17,
9.96437852321823e-17,
1.3073056003423753e-16,
1.17549526474434e-16,
1.1182925394073259e-16,
8.174399914908821e-17,
1.0955508984432172e-16,
9.19423200039534e-17,
6.616479205570574e-17,
7.228236181659588e-17,
6.29474258655806e-17,
6.421751032727436e-17,
4.2271172414153844e-17,
1.0266110372765188e-16,
9.822850439732663e-17,
8.924531652066114e-17,
8.415466799276562e-17,
7.376824094483203e-17,
9.667397966349261e-17,
8.683528280291474e-17,
8.290982012749254e-17,
1.1831039690651048e-16,
1.0002400631354452e-16,
9.579727427435049e-17,
8.373033159848184e-17,
9.044186645780861e-17,
8.460444449409157e-17,
9.830702386656397e-17,
1.1894595279932465e-16,
8.664147742359983e-17,
7.71784069228565e-17,
1.0613081978372477e-16,
7.474920031244214e-17,
1.017207979019353e-16,
8.442014882589687e-17,
1.0904471622409817e-16,
1.019111735209085e-16,
1.1564615549997175e-16,
1.0281654298972206e-16,
6.321258662928337e-17,
6.806841155305923e-17,
1.0207620865016067e-16,
7.597761398134743e-17,
9.255203041390115e-17,
8.140128136622949e-17,
4.692487048255072e-17,
1.0415687532690905e-16,
9.443942056262175e-17,
9.487596105027647e-17,
7.96275656429667e-17,
1.043376395639872e-16,
1.063508612686902e-16,
1.1867076713142116e-16,
3.775227500439513e-17,
6.825428728998468e-17,
1.1114403142485026e-16,
1.2081597025473985e-16,
1.8151250693545348e-16,
1.0281092884203445e-16,
6.494280050064871e-17,
3.877694659797348e-17,
6.755534256977463e-17,
6.595777680603747e-17,
9.104676033851031e-17,
7.463647111278838e-17,
1.2284496167482969e-16,
1.2415883566875544e-16,
9.171164959726581e-17,
8.04738494781093e-17,
5.32735751081481e-17,
6.701291141666741e-17,
7.544152709796161e-17,
1.0939232155560093e-16,
1.118236812238922e-16,
6.96843374807871e-17,
5.713891240358881e-17,
6.596222126237602e-17,
1.1155843061930659e-16,
1.0906092496879501e-16,
8.988466453918795e-17,
7.269124924659789e-17,
8.480529701286044e-17,
7.361464959095786e-17,
7.902529459028185e-17,
6.870601624469428e-17,
9.791508282523573e-17,
9.455378560619044e-17,
1.0382837873548434e-16,
1.0392181154223769e-16,
1.0209993608552448e-16,
1.0218905310217721e-16,
8.068639068056987e-17,
6.98780667654554e-17,
8.690172530400953e-17,
7.45987385399201e-17,
9.103977955386577e-17,
8.52473142847579e-17,
1.0219046078189602e-16,
8.163558730062681e-17,
5.688813068788052e-17,
7.168296768424616e-17,
7.598441697646694e-17,
9.55411293109394e-17,
1.4798166409856737e-16,
1.4278480256880287e-16,
7.071803099364984e-17,
6.305060085129375e-17,
1.0323516939651025e-16,
1.0519961102870316e-16,
6.564404084090124e-17,
8.18646363801396e-17,
6.747057645792522e-17,
4.780858484997689e-17,
8.173267351425154e-17,
9.188718871438071e-17,
8.244720102894187e-17,
7.481155111496598e-17,
7.663900990850972e-17,
6.601015573716723e-17,
7.748367710709345e-17,
8.666529710245221e-17,
8.01870348670658e-17,
6.727456005750752e-17,
6.55727429776703e-17,
6.974584274718843e-17,
7.597410204185428e-17,
6.063632343236487e-17,
8.576860384287243e-17,
9.491775110709758e-17,
9.120017743100095e-17,
9.700047508874036e-17,
7.752899663797525e-17,
6.388481763249221e-17,
6.897150718719826e-17,
6.936327088979835e-17,
5.406464693963869e-17,
6.06798345579191e-17,
6.378754061983882e-17,
9.501417777639184e-17,
1.204811324161414e-16,
1.0542877418682991e-16,
1.137846578987335e-16,
1.0458319471039131e-16,
1.0305937869790443e-16,
1.2503719787387337e-16,
8.702063232762265e-17,
7.985930283540239e-17,
1.0785080619586165e-16,
1.1600668632047668e-16,
7.540584351021484e-17,
1.0182738933584283e-16,
1.1687620313110924e-16,
1.1146658597953762e-16,
1.111935232996157e-16,
1.119419636716958e-16,
5.263323899443033e-17,
5.634952348812181e-17,
7.971463805847693e-17,
7.186304202299615e-17,
7.996647028407779e-17,
8.953331065210739e-17,
1.0142304006007362e-16,
7.002556369972462e-17,
6.602291739113009e-17,
8.574149647340974e-17,
9.788554770422758e-17,
8.995829012245085e-17,
8.28776204011588e-17,
8.669354222709917e-17,
9.269739575262615e-17,
6.944711691806044e-17,
7.801828712423021e-17,
9.466211183774638e-17,
9.808828731322814e-17,
9.207365537203798e-17,
8.116066801552061e-17,
7.874742455922028e-17,
8.251136561287724e-17,
8.117349708784313e-17,
8.173953317887128e-17,
8.511759257412043e-17,
8.611700510405725e-17,
7.37104672255337e-17,
7.045807178599316e-17,
6.969263448927916e-17,
7.298358944129321e-17,
8.376698723008387e-17,
7.93154893911536e-17,
8.628189627809286e-17,
8.861010726128882e-17,
8.939207748423922e-17,
7.96952182253238e-17,
6.272967665487574e-17,
7.107109630820443e-17,
7.333226468104733e-17,
6.473603722525696e-17,
6.087823046551588e-17,
7.213001984797197e-17,
7.463660005177483e-17,
4.9958901054849614e-17,
5.784992069615752e-17,
7.346600179652865e-17,
7.038077222770785e-17,
5.1360220447610705e-17,
6.158449015787622e-17,
7.284079205376843e-17,
7.668036236167576e-17,
6.883404726017239e-17,
7.322502880519866e-17,
6.943974143315215e-17,
5.703514334252525e-17,
6.914312077765624e-17,
5.521424239969323e-17,
5.410218116324923e-17,
7.034380475884733e-17,
9.841025793713856e-17,
1.0513239773129527e-16,
7.468343122086462e-17,
8.115122762814048e-17,
9.980841164531913e-17,
8.823968243549046e-17,
8.050686449604595e-17,
8.415480826337411e-17,
8.078535359103136e-17,
7.297576069546245e-17,
5.487260216481001e-17,
6.896132298689232e-17,
9.264005084157868e-17,
6.947208931065134e-17,
4.618770642626693e-17,
8.62811850896551e-17,
5.584566059749606e-17,
5.754710575527713e-17,
6.142464626755926e-17,
4.741634481138316e-17,
4.995073742024334e-17,
3.904968598396707e-17,
5.785442864063929e-17,
8.67109728380088e-17,
5.569148968087147e-17,
4.0456265711805153e-17,
4.518469939432333e-17,
6.152770589849626e-17,
7.16063327992526e-17,
5.929771589062702e-17,
3.723711700117104e-17,
4.306896728988666e-17,
6.587544888581178e-17,
7.537604601680284e-17,
7.25803694187069e-17,
6.013311271291029e-17,
5.254964118141631e-17,
6.133830605462816e-17,
4.756533446158265e-17,
4.236586407810084e-17,
6.283830337554031e-17,
5.872845230032846e-17,
6.44887700159177e-17,
8.020546941253865e-17,
8.72871565268265e-17,
8.57510327935375e-17,
7.634450962682434e-17,
7.405821284293972e-17,
7.122274472616146e-17,
6.766561870251153e-17,
7.40083619008178e-17,
7.863627974589273e-17,
8.901671857058718e-17,
6.819097831820929e-17,
7.013898638948896e-17,
7.792159044854188e-17,
7.156289116223933e-17,
7.214464093232744e-17,
8.132723656940856e-17,
9.972135767426811e-17,
8.694729295868433e-17,
6.714938708042282e-17,
5.91216796222438e-17,
5.760045676354716e-17,
7.913793485011737e-17,
7.967360791852616e-17,
7.487915548888401e-17,
7.50393217546003e-17,
8.02559755245015e-17,
7.276473870574272e-17,
5.724353846009787e-17,
6.612121880642878e-17,
8.396934010939206e-17,
8.192621883169661e-17,
6.905461213023236e-17,
8.003731980142866e-17,
6.354289143545938e-17,
5.981563031326769e-17,
5.647771510857964e-17,
6.840782069363804e-17,
7.361401200569264e-17,
7.701386992777177e-17,
5.5041272892793913e-17,
7.7938721551677e-17,
8.025824082749858e-17,
7.436833798755806e-17,
8.077880869593867e-17,
7.2328965417993e-17,
7.013454714140715e-17,
6.60124636033886e-17,
6.327157197125796e-17,
7.338406047392663e-17,
7.745156547156364e-17,
7.849492075768294e-17,
7.129701599846879e-17,
7.386332544729793e-17,
8.3350393317536e-17,
7.797978859999954e-17,
7.081382643770776e-17,
6.556942613466618e-17,
8.049889372124498e-17,
8.92792913039933e-17,
7.038498497492418e-17,
6.322200335961585e-17,
6.309752469134986e-17,
7.772041895002085e-17,
7.63220578677869e-17,
7.924133971604221e-17,
6.336696771573862e-17,
6.669496334299189e-17,
6.816844847266249e-17,
5.0565286950588707e-17,
5.436460225198164e-17,
8.358961100852121e-17,
8.914235792460939e-17,
7.759120996854162e-17,
6.959025735622696e-17,
6.328161257691933e-17,
6.792428872853349e-17,
6.846973098385167e-17,
4.678449132878447e-17,
5.684678270017363e-17,
6.561804730477402e-17,
6.951306146599847e-17,
7.915673453665265e-17,
7.83369558361319e-17,
6.446803906602947e-17,
7.086195104699677e-17,
7.25299019248273e-17,
8.077549430947933e-17,
1.1094817998148127e-16,
1.0586168163284432e-16,
8.125775168997889e-17,
6.779063941490069e-17,
7.550252249982907e-17,
8.484202354705576e-17,
6.567567228484836e-17,
6.314107863175778e-17,
7.412504595047972e-17,
8.343926681123592e-17,
7.855119757668696e-17,
6.809467876577109e-17,
7.202797272420269e-17,
7.47920771881497e-17,
6.345808302438359e-17,
6.078721677276351e-17,
6.460256221107553e-17,
6.702051884345262e-17,
7.487250823374285e-17,
6.928848263152902e-17,
6.474108305494221e-17,
5.450652371697274e-17,
6.094316925424239e-17,
6.642890198154354e-17,
5.547417977364484e-17,
5.260284731484294e-17,
7.304551650817669e-17,
7.869726024746365e-17,
7.004933957428154e-17,
6.938390961736449e-17,
7.437348130823889e-17,
6.87347606687587e-17,
7.182976156889633e-17,
7.546347313445382e-17,
5.919491993416762e-17,
5.953902659477393e-17,
7.469549492455755e-17,
8.003072910680627e-17,
7.358032414478594e-17,
6.881909565784791e-17,
6.792496788442191e-17,
6.876375477488351e-17,
7.035073983998008e-17,
6.088310117683308e-17,
5.674713149466759e-17,
8.300987057945792e-17,
1.032616563392199e-16,
6.01526478223668e-17,
3.808581525296545e-17,
6.112285303297712e-17,
8.321629350978435e-17,
7.225364649895904e-17,
6.491212851097685e-17,
7.261532807175714e-17,
7.249408475280994e-17,
6.237392687371009e-17,
5.800745045977239e-17,
6.955429354076136e-17,
5.4562938181581184e-17,
6.680832817436966e-17,
7.303467303695279e-17,
6.420537762403757e-17,
4.8090746493270865e-17,
3.975440998549227e-17,
6.056254352273324e-17,
7.097168099848993e-17,
7.21899101120517e-17,
5.666059108263479e-17,
5.279033502817527e-17,
6.390795006468314e-17,
6.287864983810096e-17,
6.637050969297507e-17,
6.306692669857648e-17,
6.34788580474563e-17,
5.543666557921059e-17,
4.871256377392205e-17,
4.936475357851728e-17,
5.887159510208811e-17,
6.792842216933828e-17,
7.126975302281237e-17,
6.67477893971638e-17,
4.867300167620355e-17,
5.44148279986149e-17,
6.786602013659979e-17,
6.95316355957284e-17,
6.79945319884616e-17,
5.866779691053084e-17,
6.017854208968879e-17,
5.447709030789968e-17,
5.257508261117281e-17,
5.786983246466688e-17,
6.602127352857566e-17,
6.079050330425353e-17,
5.5053845824745985e-17,
6.318943638080276e-17,
6.461390708067926e-17,
6.342651206138138e-17,
6.089777927194716e-17,
5.744034112327369e-17,
5.793013832134351e-17,
5.4959761781284646e-17,
6.167395260554533e-17,
6.299813962309912e-17,
5.41772063676105e-17,
5.2764116929698405e-17,
5.342955152182505e-17,
5.2202041635466274e-17,
6.3933135919253e-17,
6.235575444976052e-17,
5.42107355954402e-17,
6.499827504645838e-17,
7.028578518177279e-17,
5.849066521355555e-17,
5.2384959605084374e-17,
6.623473554363772e-17,
5.891608439839665e-17,
5.379664541052887e-17,
5.3623512998155375e-17,
5.598291514914923e-17,
5.324367274354892e-17,
5.834773015480491e-17,
5.615413347524386e-17,
5.879602892079105e-17,
6.155996936666185e-17,
5.4587473018368096e-17,
6.115585195943939e-17,
6.838226937737113e-17,
6.092969474043061e-17,
5.8800139630239e-17,
5.659353878147183e-17,
4.998123117868629e-17,
5.498278348356848e-17,
5.5309322767495625e-17,
5.515665695052275e-17,
5.747569431136865e-17,
5.4461004471478705e-17,
5.363876441215435e-17,
5.520394815932575e-17,
4.781307825959765e-17,
4.5128996395309296e-17,
5.619092848206931e-17,
5.927645865317247e-17,
4.666691117135325e-17,
5.653700758189641e-17,
5.377663437261065e-17,
4.849299453115682e-17,
5.098792373928888e-17,
5.4913325588699395e-17,
6.390017005892893e-17,
6.891932747293419e-17,
6.51023355743357e-17,
5.073987152213086e-17,
5.663610379928644e-17,
4.7119113951058003e-17,
7.173572700011104e-17,
7.312465832400607e-17,
6.941645182974505e-17,
7.44282580018916e-17,
6.679763794160366e-17,
6.293043985532329e-17,
6.315293568147889e-17,
6.343168124610379e-17,
7.104547996832565e-17,
6.401869917429641e-17,
5.336385684750368e-17,
5.7132163643967e-17,
5.636206340512878e-17,
5.831671998855727e-17,
6.266336233919367e-17,
5.998146700497352e-17,
6.016279658330808e-17,
6.293188840591432e-17,
6.514254909880378e-17,
5.965513768108543e-17,
4.80212390822942e-17,
5.24141988888241e-17,
6.084353866124204e-17,
5.895367832591082e-17,
5.343620579877193e-17,
5.464302525449014e-17,
5.5142752563436143e-17,
5.497650848167874e-17,
5.862600443157413e-17,
6.753905469874606e-17,
6.422033610152758e-17,
5.998333005379783e-17,
6.667503735769308e-17,
6.43958605019953e-17,
6.377393215697893e-17,
7.376538444779535e-17,
7.484785841154983e-17,
6.837568901798896e-17,
6.640927965195969e-17,
6.535391831334842e-17,
6.216713248221747e-17,
4.959420068935592e-17,
4.4573719771934567e-17,
5.925531303575927e-17,
6.195802188868538e-17,
6.89314963044655e-17,
7.243572220514557e-17,
6.542803934048454e-17,
6.578106513284336e-17,
6.260073135724743e-17,
5.786607279380415e-17,
6.087632982357582e-17,
6.620300153704184e-17,
6.612194016200166e-17,
6.559543865772595e-17,
6.936480899078372e-17,
6.471197160619076e-17,
6.339893378899725e-17,
7.381662842633973e-17,
8.000823813077718e-17,
6.67094196777979e-17,
6.884207565667753e-17,
6.916808401891623e-17,
6.991664906348548e-17,
8.1912786171147e-17,
7.4244934299311e-17,
6.609098502103101e-17,
6.369387416630232e-17,
6.668502077864342e-17,
6.651528957464793e-17,
6.648940910080453e-17,
6.750086141923968e-17,
6.792313936093279e-17,
6.296626602598588e-17,
7.1040625314712e-17,
6.950965238321837e-17,
7.623720331091763e-17,
7.764327630438685e-17,
7.308015253470696e-17,
7.246488817542432e-17,
6.642145178087309e-17,
6.297341789626745e-17,
7.43452977355427e-17,
7.211949639233821e-17,
7.63263054569004e-17,
6.639682535121798e-17,
6.019834171054646e-17,
6.197646176582418e-17,
7.207250824970996e-17,
7.248937804089412e-17,
6.42220725056759e-17,
7.58967560353851e-17,
7.127162272701573e-17,
6.827598609645712e-17,
7.046568634627755e-17,
6.510454562200385e-17,
6.298420667235866e-17,
6.586491839694862e-17,
7.201364628008987e-17,
7.116500235361162e-17,
5.95867677931412e-17,
6.353628142179513e-17,
6.702404862559893e-17,
6.460865036245563e-17,
6.320769947311262e-17,
5.845530052592587e-17,
6.274378994227246e-17,
6.238043670993244e-17,
6.666052721525556e-17,
8.447604127761738e-17,
7.313596844150675e-17,
6.131449265482704e-17,
6.914472061721637e-17,
1.04287966289249e-16,
1.3091003618798341e-16,
1.2640677785623246e-16,
1.4322307666078394e-16,
1.377285119690704e-16,
7.882670363240748e-17,
6.461052476891018e-17,
6.718323526308435e-17,
7.230577714438951e-17,
8.997748301786822e-17,
9.741399665335169e-17,
9.533071390006587e-17,
8.714210827406807e-17,
7.66826662064385e-17,
7.197537154446158e-17,
6.203025295419e-17,
6.359293185711044e-17,
5.726960962009712e-17,
5.257168045981855e-17,
5.748377792067307e-17,
6.19983589029714e-17,
6.169513645610651e-17,
6.430824736299156e-17,
6.320755728409273e-17,
5.649612751109948e-17,
6.110423601709371e-17,
5.997901652546569e-17,
6.122069997002466e-17,
5.616213239136351e-17,
5.657729139512194e-17,
6.222763913212725e-17,
6.231904813251916e-17,
6.014221826234036e-17,
6.763434602587158e-17,
6.742541536733326e-17,
6.13137156942751e-17,
6.449538241206055e-17,
6.291035060839334e-17,
6.239429700861228e-17,
5.927425190473408e-17,
6.001654112955189e-17,
6.035871764335224e-17,
6.058924608458335e-17,
6.795084265329924e-17,
7.286961746315901e-17,
6.326983207212754e-17,
6.427697396477739e-17,
6.612585734761216e-17,
5.941889680656612e-17,
6.171727194402558e-17,
5.3907175175085885e-17,
5.3447816700802056e-17,
6.122276449368994e-17,
5.644289806057107e-17,
5.330387548713465e-17,
5.357830553206171e-17,
5.102591263563346e-17,
5.2645180644449595e-17,
4.8626600515192025e-17,
4.859847115124812e-17,
5.827680993743226e-17,
5.68392593951504e-17,
5.1896623022645415e-17,
5.73670122721692e-17,
7.295183623516422e-17,
6.946390177132485e-17,
6.409522822944874e-17,
5.943172673699199e-17,
6.305358867351741e-17,
5.879812559357773e-17,
5.192950344386907e-17,
6.082415862361238e-17,
6.471059599371111e-17,
6.07140551055951e-17,
5.82227057675973e-17,
4.9393630549502085e-17,
5.102271709224059e-17,
4.7911903954975646e-17,
5.080832724517944e-17,
5.464554047785761e-17,
5.569639348496487e-17,
6.207988951688187e-17,
6.127161053910745e-17,
5.56608095927016e-17,
5.5188189308782013e-17,
4.8269845246608485e-17,
5.259642329075683e-17,
5.4602592137620785e-17,
5.803030570215808e-17,
5.293034255290763e-17,
4.590151519180437e-17,
5.4175026709427854e-17,
5.4083311361476403e-17,
4.72511456532126e-17,
4.888723148614499e-17,
4.749115162840162e-17,
4.7885830845198355e-17,
5.1978810917350675e-17,
5.512545189972734e-17,
4.421484795120784e-17,
5.252765187125593e-17,
4.7975641003539633e-17,
4.250442508409645e-17,
5.037845076711419e-17,
4.636693805776236e-17,
4.5889912474271014e-17,
5.3243596536851405e-17,
5.567692449596547e-17,
5.567145476175793e-17,
5.177895220375587e-17,
4.184073969624951e-17,
4.230822043876565e-17,
4.474929861261909e-17,
4.4838230182665596e-17,
4.446497144573078e-17,
5.67551567254038e-17,
5.733345429748026e-17,
5.317834774722185e-17,
4.8191318381151736e-17,
4.4628582468275355e-17,
4.739243533701856e-17,
4.4279129482721827e-17,
4.3741266931839064e-17,
4.8640885734657244e-17,
4.876796542372378e-17,
4.9699411669710376e-17,
5.2209663886106314e-17,
4.8859986610290016e-17,
4.528796440821302e-17,
4.693781448334215e-17,
4.6028221428001575e-17,
5.0373666216594556e-17,
5.569935184515155e-17,
5.1463553173258273e-17,
5.222499117018632e-17,
4.946230062248698e-17,
4.735289938248602e-17,
4.976565925541084e-17,
5.471149072725124e-17,
5.664442240660878e-17,
5.176639369334587e-17,
4.648779951178426e-17,
5.194635618459706e-17,
5.537269670910513e-17,
4.630613035384859e-17,
4.94146199317267e-17,
5.004181614352256e-17,
4.698647614676454e-17,
4.423887430612037e-17,
3.739631882491985e-17,
4.59908795046032e-17,
5.696134471544913e-17,
4.4391061425283456e-17,
4.6414421938104507e-17,
4.7485318754166746e-17,
5.03114160573329e-17,
5.486018155516885e-17,
4.79363445802233e-17,
4.0952103156045087e-17,
5.1594274332366467e-17,
5.5455494190450105e-17,
5.4447009900339225e-17,
6.002431763641768e-17,
4.907454965794167e-17,
5.080944025469746e-17,
4.993750632399429e-17,
3.725742291359903e-17,
4.3738556969274534e-17,
5.261751946280414e-17,
6.32777285946357e-17,
5.4133450138447966e-17,
4.310684248822029e-17,
4.846962946158222e-17,
4.3787258267385535e-17,
5.1312987554268725e-17,
4.6495896381148246e-17,
3.9479703625298175e-17,
3.925897812938959e-17,
5.4102335856946786e-17,
6.087790488209188e-17,
5.391059248578867e-17,
4.840753104418258e-17,
4.3235994946788344e-17,
4.662508056081068e-17,
4.586201072090547e-17,
4.1195201027862967e-17,
2.748538373014482e-17,
3.806755304475593e-17,
5.336839295921864e-17,
6.233593791486095e-17,
5.612121237851126e-17,
5.1301460971854016e-17,
4.6469351026612285e-17,
4.9450336644326356e-17,
4.457910314344233e-17,
4.6564503831560595e-17,
4.513437716036224e-17,
3.333785396632978e-17,
3.9302892750524544e-17,
4.8644342541810596e-17,
5.515435914867315e-17,
4.592507244459427e-17,
5.2408165421348527e-17,
4.9473418019662424e-17,
4.2422547090521814e-17,
4.8565178326730024e-17,
4.2423104333383e-17,
4.514778500934605e-17,
3.78129860858268e-17,
4.330240041783152e-17,
4.9624098667134995e-17,
5.081596116390035e-17,
5.226953435516191e-17,
5.3256420995193723e-17,
6.23575357153992e-17,
6.209195416680661e-17,
4.5836411989263804e-17,
4.220168101891193e-17,
4.557526019408459e-17,
4.4664355298935426e-17,
4.743274549483087e-17,
4.808499818968949e-17,
5.2170830760666484e-17,
4.938937841131348e-17,
5.459247668677773e-17,
5.813966683018774e-17,
5.453738110843574e-17,
4.673968798033653e-17,
4.72904839023784e-17,
4.357184011119123e-17,
4.0223226668497886e-17,
4.3810385056177166e-17,
4.634191766657387e-17,
4.929724648783677e-17,
5.000643033305468e-17,
4.788338876742046e-17,
4.8581864396183574e-17,
4.653717564873852e-17,
4.5289127502961114e-17,
4.7486605635679725e-17,
4.507567554133283e-17,
4.9486245897023715e-17,
5.276074391088779e-17,
4.593756915210968e-17,
3.738683908306298e-17,
3.87990953996122e-17,
5.5228847433685127e-17,
5.77633979675007e-17,
4.971171227144555e-17,
3.9866699977190904e-17,
3.821191416907373e-17,
4.4368783964162847e-17,
4.430245883927132e-17,
4.852693280850992e-17,
5.4654436285448304e-17,
5.468661774750194e-17,
4.950597460716734e-17,
4.5586429995412996e-17,
4.267223350898296e-17,
4.289766459225993e-17,
4.844456163523073e-17,
5.015400948476153e-17,
4.5112223222590865e-17,
3.741067628060998e-17,
3.798887421507959e-17,
4.6341456969301216e-17,
4.289922777152898e-17,
4.1332617485205975e-17,
4.949465852996568e-17,
4.94661073572649e-17,
4.044438802380879e-17,
3.4586511641534203e-17,
3.8897132800460016e-17,
4.332978694906685e-17,
4.266520936550647e-17,
4.910957609210088e-17,
5.2800898152592365e-17,
4.686224736331563e-17,
4.6984368659599933e-17,
4.315992318403326e-17,
4.054262360319897e-17,
4.2129112865869595e-17,
4.838257897605043e-17,
4.3498530191275225e-17,
3.3930223255435963e-17,
4.3503024111269004e-17,
4.908568333112936e-17,
4.61222297391442e-17,
4.8439292858811826e-17,
4.134054381035799e-17,
2.6688634045233892e-17,
3.4801477800516567e-17,
5.395920522820547e-17,
5.063062821739127e-17,
6.131193275456275e-17,
3.0287821387936655e-17,
3.693907212667267e-17,
2.7448019583095418e-17,
4.224606729810841e-17,
4.049353970327058e-17,
4.502523640792351e-17,
4.409199004426825e-17,
3.6538897360352545e-17,
3.26724531988688e-17,
4.821182397145831e-17,
5.891265189834536e-17,
4.728860968102362e-17,
5.212837763268932e-17,
4.749184824816717e-17,
4.563150958722433e-17,
4.072915678485209e-17,
4.567279481487311e-17,
4.08006332281342e-17,
4.002401992083723e-17,
4.686730813550443e-17,
4.480462672508339e-17,
4.2141881088687294e-17,
5.1784847621519686e-17,
3.7717402692871393e-17,
3.8422465403723003e-17,
4.840104607920111e-17,
3.911826298569968e-17,
3.9171342127933565e-17,
4.53841181264454e-17,
4.496298674823105e-17,
3.9039054400308894e-17,
4.2038610188137593e-17,
4.1464780674710466e-17,
4.780910535250282e-17,
4.7011267772798355e-17,
4.12865518367052e-17,
4.1862234120971334e-17,
4.079654439074489e-17,
4.981124093821767e-17,
5.167527712377144e-17,
4.424415897525334e-17,
3.941404274375678e-17,
4.769724178805726e-17,
5.27463037800871e-17,
4.636317497902105e-17,
4.470680977082385e-17,
4.784113055142942e-17,
5.078036117598768e-17,
3.943102362717386e-17,
4.5345527360688795e-17,
3.7721756850273245e-17,
3.5954058086834903e-17,
4.0211427716375406e-17,
4.3110674136436803e-17,
4.987216065675679e-17,
5.2764445105939164e-17,
5.4712758024350114e-17,
5.759128912311873e-17,
6.400052096326994e-17,
4.735340747160072e-17,
3.738243118222674e-17,
3.6768301613960344e-17,
2.953650647311083e-17,
4.1936250218487977e-17,
4.1494719061954877e-17,
4.4818339423468283e-17,
4.713467136906159e-17,
4.078810513025851e-17,
4.6734330373272766e-17,
5.301652697421038e-17,
4.1215403550571276e-17,
3.9646928988781644e-17,
3.878643866962573e-17,
4.0791449094088946e-17,
4.1466485609992966e-17,
4.2967922848144504e-17,
4.272486629835909e-17,
3.0801458370176594e-17,
3.336287991535291e-17,
4.213982635629818e-17,
4.780671965930361e-17,
5.306860466945504e-17,
5.504619935367321e-17,
4.876811918019033e-17,
4.944525255661514e-17,
5.832691674821211e-17,
6.786524904846211e-17,
5.200942729392985e-17,
3.596717727097262e-17,
4.146599394014257e-17,
3.982867609364923e-17,
3.4011628090059224e-17,
4.074111901345889e-17,
4.7437314084440487e-17,
4.65930018303362e-17,
5.025893583558804e-17,
4.2077471027958425e-17,
4.552531263475804e-17,
4.730777480990251e-17,
4.175058776840459e-17,
3.785281041983531e-17,
2.8601440699191276e-17,
3.946876031259307e-17,
4.218730797602708e-17,
3.035279802229904e-17,
3.7419204974514296e-17,
3.0145574139496845e-17,
2.294198943743859e-17,
4.315458199908154e-17,
4.276172971359037e-17,
4.290819898362727e-17,
4.7032959510447486e-17,
3.5951974012359027e-17,
2.7684215285033918e-17,
4.0993217880013097e-17,
3.997959611605319e-17,
3.951676859974848e-17,
3.841610561275266e-17,
3.8730473204850317e-17,
4.148092304958146e-17,
3.757631377579337e-17,
3.124295879691962e-17,
2.3092640909691314e-17,
3.9308676912379326e-17,
4.3964457609984955e-17,
3.422856853634145e-17,
4.3077924648017856e-17,
4.2352914970878835e-17,
3.028703669918534e-17,
3.907054158216472e-17,
2.5992785867497604e-17,
2.8187498528911466e-17,
3.313136520078397e-17,
3.6797660814168164e-17,
4.752635163702079e-17,
4.755935679396596e-17,
4.2041246153550413e-17,
4.6181976665376794e-17,
5.0820969180178366e-17,
4.4005780217851687e-17,
3.6530167833829985e-17,
4.845799989018791e-17,
5.938880904249065e-17,
4.859769718639882e-17,
3.597230456750572e-17,
4.4725719750351256e-17,
4.003655780885009e-17,
5.145252447057171e-17,
4.654319672120422e-17,
4.17876951677834e-17,
4.3800606203154635e-17,
4.672470139078562e-17,
5.596910375393272e-17,
3.366640727480611e-17,
2.522726477389302e-17,
3.979582779248156e-17,
3.970561828985612e-17,
3.731762661944421e-17,
4.269772719922725e-17,
4.472973525885921e-17,
4.5129676117719824e-17,
3.850786469702229e-17,
3.1466011950205654e-17,
3.305896239621439e-17,
3.230900182816196e-17,
3.649867408974119e-17,
4.6859027401320805e-17,
4.3479716881095197e-17,
3.7551756498480584e-17,
3.5468101391315954e-17,
4.487521798154813e-17,
4.81760476751393e-17,
3.643373910810624e-17,
3.4780191021734424e-17,
3.5319806312826625e-17,
3.863955658321394e-17,
4.180055277923203e-17,
4.124779663249871e-17,
4.289653718318734e-17,
3.416726966166903e-17,
3.457808833133196e-17,
4.59634030099372e-17,
4.3849832847155133e-17,
3.798187824131178e-17,
3.645184114981746e-17,
3.856941730659312e-17,
3.9276036074245296e-17,
3.639665061304527e-17,
4.0671950373333973e-17,
4.1103587864533e-17,
3.1312159524507067e-17,
3.7016070332814093e-17,
4.03935126581613e-17,
3.970531456417335e-17,
4.1514252070577964e-17,
4.300239269000027e-17,
4.987254822122024e-17,
3.890969476248462e-17,
3.796841186343362e-17,
3.568492193521461e-17,
4.2865045169604656e-17,
4.2972258524577054e-17,
3.66959054712787e-17,
4.1364933657496045e-17,
4.0469161262697787e-17,
3.935704502482793e-17,
4.0685771111995094e-17,
3.571822445988512e-17,
3.496982256254632e-17,
3.5954598523135617e-17,
3.0830188236261475e-17,
2.934211533173082e-17,
3.3673794023056666e-17,
4.315187220776218e-17,
3.177626087811963e-17,
3.7360512762924066e-17,
4.4700829679248265e-17,
3.481306669987634e-17,
3.945740976352453e-17,
3.299478089933789e-17,
3.501790447078781e-17,
4.2510259665113054e-17,
4.063335658152262e-17,
3.9996269723654866e-17,
4.204439166277938e-17,
4.219895742458914e-17,
4.4582753221027396e-17,
4.2257123294941996e-17,
3.8680739984901513e-17,
4.5761773187145844e-17,
5.268370883779319e-17,
4.260792695808216e-17,
4.0912964259065906e-17,
3.697673053636518e-17,
4.3166068065484987e-17,
4.636984580865829e-17,
4.0752697171369814e-17,
4.074022611969382e-17,
3.731708022654234e-17,
4.1282674858017075e-17,
3.685255325764549e-17,
3.6914229240134406e-17,
3.7844172308438573e-17,
3.0194337643079165e-17,
2.885119469543606e-17,
3.5316625331900176e-17,
4.703401796758884e-17,
4.820473051926984e-17,
3.8184226250397193e-17,
3.3379815121372113e-17,
3.6590205799201954e-17,
3.689070997010101e-17,
3.8197918273949433e-17,
3.732007517720558e-17,
3.448575883480898e-17,
3.9449554149722057e-17,
3.91070030508464e-17,
4.0441682379012295e-17,
4.2668922830334785e-17,
4.5002184784399827e-17,
4.005428948519829e-17,
3.159472750285494e-17,
3.228685215993814e-17,
3.8398498944211686e-17,
4.25193627591721e-17,
4.081416259952517e-17,
3.13233609096845e-17,
3.675640496984289e-17,
3.5539153392932914e-17,
2.7234445379151365e-17,
4.91806523280341e-17,
3.8184225773923635e-17,
2.136181960507985e-17,
2.875309763412169e-17,
3.179521604875481e-17,
3.419702616233136e-17,
3.856369531466958e-17,
3.8828948520375766e-17,
2.562891760414988e-17,
2.7059663064941346e-17,
2.743351747775389e-17,
3.742721849095742e-17,
3.878490620729971e-17,
3.884812947725414e-17,
3.527356927169183e-17,
2.968945630144601e-17,
3.228785674793686e-17,
3.698492960267623e-17,
3.089159312648733e-17,
3.2846039030174944e-17,
3.811507292015555e-17,
4.15076429287028e-17,
2.6171620377624523e-17,
3.4701110348814786e-17,
5.311188640671132e-17,
1.7890551711585204e-17,
2.0383212912091574e-17,
3.65477123118655e-17,
2.7454259225941976e-17,
2.448893785554687e-17,
3.350461552501859e-17,
3.184269710046231e-17,
3.161249812265162e-17,
3.3232675748830866e-17,
3.694580864833123e-17,
3.501032166761529e-17,
3.6102853691144044e-17,
3.422484861046163e-17,
3.356824097671972e-17,
3.967392687577965e-17,
4.408407314766779e-17,
3.9235670283261044e-17,
2.779382243625916e-17,
4.007008026103637e-17,
3.2368808846840985e-17,
3.078289624270667e-17,
4.841175149362088e-17,
4.091133631901802e-17,
4.1894732653919865e-17,
3.7785380517851944e-17,
3.061694374651193e-17,
3.412489437509939e-17,
4.0292218400987227e-17,
3.37520295238193e-17,
3.023761151267629e-17,
3.6135269769766034e-17,
4.8085651741116046e-17,
1.615906931598521e-17,
2.1716050378880745e-17,
3.230275975090915e-17,
3.2042170585375156e-17,
3.817019825586554e-17,
3.610288999866708e-17,
3.391174287063756e-17,
3.056393506789349e-17,
3.160922151036577e-17,
3.529689651471976e-17,
3.545931803979313e-17,
4.5723024670105695e-17,
5.2896817590244936e-17,
3.945215429274577e-17,
2.141157898935682e-17,
1.6651984851786536e-17,
3.274714875553357e-17,
3.430043278934755e-17,
3.337433821735679e-17,
3.711622486809454e-17,
3.449796757452757e-17,
2.636201798286177e-17,
2.4325982558140958e-17,
3.115730463008802e-17,
3.933714081717678e-17,
3.681635638337136e-17,
3.8031603044754985e-17,
3.628376350344929e-17,
2.2504486341361675e-17,
1.8085938323120696e-17,
3.0180033897770317e-17,
3.901762960353263e-17,
4.1850605692301114e-17,
3.6161807212028964e-17,
2.897155031825378e-17,
3.3465195545308847e-17,
3.4692425770308996e-17,
2.644646971469751e-17,
3.1414684048842515e-17,
3.2294959850894735e-17,
3.572217974472475e-17,
3.641378744172758e-17,
3.7563230079853966e-17,
4.397558866083053e-17,
3.6221008480446096e-17,
3.1320318943508234e-17,
4.25996418691423e-17,
4.303539530844296e-17,
3.957037968798374e-17,
3.77017146871026e-17,
3.4007799329732196e-17,
3.859627022339865e-17,
3.50716911721431e-17,
3.176498203257556e-17,
3.2634548974049994e-17,
2.7298874904076625e-17,
2.8138556939732756e-17,
3.7473365443386365e-17,
4.1963282214641397e-17,
3.8006022354010333e-17,
3.66806895857018e-17,
3.991201075867837e-17,
3.8957746801429077e-17,
3.763271308896204e-17,
3.3395158516254043e-17,
3.312318606793781e-17,
4.2710475715585874e-17,
4.216151975657586e-17,
3.178221204262307e-17,
3.418854446692599e-17,
4.135806483699392e-17,
4.505622415841079e-17,
3.9975903239793205e-17,
2.961799149731611e-17,
3.9594080263455086e-17,
4.227543088354252e-17,
2.3391903095128437e-17,
3.658663597335788e-17,
4.479793771486156e-17,
3.9462363843509394e-17,
3.6291941966542195e-17,
3.806785579906754e-17,
3.311289780490038e-17,
3.2205402929699073e-17,
3.7204775906074304e-17,
2.850063549862169e-17,
3.291341792650464e-17,
2.860917522475965e-17,
1.6463476586377368e-17,
2.737967629098532e-17,
4.283056424260947e-17,
3.9821213260674846e-17,
2.838242791621607e-17,
3.2358927930075594e-17,
3.834823627328584e-17,
2.8196477247950824e-17,
2.5414105887114964e-17,
3.8810361256515324e-17,
4.0707842744658295e-17,
2.8745212074839765e-17,
3.1058627735357286e-17,
4.628610828929592e-17,
3.6648011577351985e-17,
2.6992865853549543e-17,
3.3774512190971634e-17,
3.794225750912659e-17,
3.9978239504329395e-17,
3.3232759843701814e-17,
2.889747133914851e-17,
3.364810664894521e-17,
3.4253994057482707e-17,
3.1049740434550647e-17,
3.009617700162026e-17,
3.301197941972997e-17,
3.554923013398473e-17,
3.10424298736723e-17,
3.374343716884537e-17,
3.3076674914962046e-17,
3.580533805447673e-17,
3.4993654629444846e-17,
3.31196443605441e-17,
3.2657136577533065e-17,
3.9594970213987696e-17,
3.202113361625228e-17,
3.242836358589369e-17,
3.34137283986447e-17,
3.2306909072509995e-17,
2.7039774118531078e-17,
2.860199032064194e-17,
2.934016565785793e-17,
1.7032011465690522e-17,
2.7243917970545562e-17,
4.172997918702659e-17,
4.508449421273283e-17,
2.7653548340183727e-17,
2.6178352026316663e-17,
2.6789527000544716e-17,
4.197907639500138e-17,
3.488093338085995e-17,
5.0279844903520663e-17,
2.5941351366977437e-17,
2.323536198726638e-17,
2.2675225988316474e-17,
2.843757525704374e-17,
3.8055408726639693e-17,
3.364051379378901e-17,
2.7572938036938334e-17,
3.042534742569249e-17,
3.64779447530507e-17,
3.6238935167792e-17,
3.061942349207384e-17,
3.1655325900403887e-17,
3.476020782810722e-17,
3.5258846685896054e-17,
3.344378060131805e-17,
3.6131664838157294e-17,
5.157446049606963e-17,
5.5387009585930887e-17,
2.7287222098415155e-17,
1.7145947246246257e-17,
2.891074063210795e-17,
2.3280516414895563e-17,
2.3617446300021346e-17,
2.8018273723483445e-17,
2.941748396323642e-17,
3.773651841635844e-17,
4.176839334781039e-17,
3.7716326110859353e-17,
2.6899104206562353e-17,
3.1333216956189486e-17,
3.5076115986749903e-17,
3.2130940517530614e-17,
2.806753722161233e-17,
2.886150583451295e-17,
3.725949235019636e-17,
3.858829328669908e-17,
2.5783866435548337e-17,
2.079606307878701e-17,
3.1916199393213513e-17,
4.165686422500171e-17,
2.5409457358435353e-17,
1.7989541297169405e-17,
1.5002358462032102e-17,
2.324485954420109e-17,
2.92407069171254e-17,
3.170298752109847e-17,
3.323920279799298e-17,
4.856605111359792e-17,
3.200289755387129e-17,
2.920681755473728e-17,
3.201238563249919e-17,
3.970338904460457e-17,
2.4021461628131818e-17,
2.257970064715436e-17,
1.9635766567390927e-17,
2.569234323131728e-17,
3.417154796834224e-17,
2.6337063462812225e-17,
2.5347963715279836e-17,
2.920136667864733e-17,
2.698591946511704e-17,
3.696722092540387e-17,
3.7608935508951353e-17,
2.9349455331576695e-17,
3.074361094532837e-17,
2.904239983755387e-17,
3.053431510221921e-17,
2.3158775105640553e-17,
1.237851689476734e-17,
2.0732950575777124e-17,
1.5900903769589183e-17,
2.3965296038380612e-17,
3.6336988446449765e-17,
3.179631769392984e-17,
2.887498075856587e-17,
2.4249728444637887e-17,
3.22215942192124e-17,
4.127756951613297e-17,
3.73199043918391e-17,
2.9251551124289837e-17,
2.900784769108103e-17,
3.080855718557766e-17,
1.784534037323584e-17,
1.4140431791080197e-17,
1.797063344694147e-17,
2.97892212952004e-17,
4.9056739354786503e-17,
3.165005228654046e-17,
3.726060884574415e-17,
3.136706767674799e-17,
3.267039668246582e-17,
3.146795356725155e-17,
3.891915497719821e-17,
2.827807211780663e-17,
3.214894379808762e-17,
3.324802647817172e-17,
2.9873173866894365e-17,
3.0043644687681636e-17,
3.607249886737351e-17,
3.1137642307940095e-17,
1.897618119683295e-17,
3.2257259306781047e-17,
3.414677163509567e-17,
2.7707414653172842e-17,
2.5028746429723327e-17,
3.687215706890669e-17,
4.0538582978497323e-17,
2.733375570618959e-17,
1.910121189428854e-17,
2.356501372509025e-17,
2.6260375912618603e-17,
2.708518397347251e-17,
2.670423999138504e-17,
3.040321208634832e-17,
3.0015012677601343e-17,
2.89574751690435e-17,
3.192107374229921e-17,
2.932217292597817e-17,
2.8496135610319755e-17,
2.969052567941283e-17,
2.5621842262377074e-17,
2.52600042718007e-17,
3.496432326570152e-17,
3.644881727394804e-17,
2.6888933113047564e-17,
2.508112398896961e-17,
2.816690583269486e-17,
2.8823031133351214e-17,
2.920326831239655e-17,
2.6156647244376824e-17,
2.674506358369159e-17,
2.676110838064015e-17,
2.2924437556061214e-17,
2.7395190459699712e-17,
2.828154065343704e-17,
2.827709817362415e-17,
2.974140794822836e-17,
2.969690111736002e-17,
3.053537410264456e-17,
2.9017982162843685e-17,
2.8151867116045215e-17,
2.7233471782563856e-17,
2.831058378068199e-17,
2.9397281949621025e-17,
2.7765144535869605e-17,
2.652146018705979e-17,
2.6364104272502938e-17,
2.8011045023158295e-17,
2.891686187668645e-17,
2.857068311362852e-17,
3.080574841693007e-17,
2.7695361812799004e-17,
2.1074111131515507e-17,
2.5065201847665305e-17,
2.918333230504658e-17,
3.329225842390577e-17,
2.998046231977204e-17,
3.056138156184284e-17,
2.7599947878575484e-17,
2.4720044376248794e-17,
3.294942435456377e-17,
3.4695515255246074e-17,
2.85130383354594e-17,
2.93640554159681e-17,
2.7508055350060072e-17,
2.94658497255422e-17,
2.977365945779933e-17,
2.816931839184259e-17,
3.161713681846027e-17,
3.115356529556746e-17,
3.0062229906326405e-17,
3.1717472981534945e-17,
3.716665539884521e-17,
3.675420170273355e-17,
3.1773544159932715e-17,
3.547242211445417e-17,
3.9538044550537604e-17,
3.51865069009857e-17,
2.6061048793157237e-17,
2.540939388678707e-17,
2.4992655933206165e-17,
2.6622564177381218e-17,
3.269671429351856e-17,
2.9568130844289055e-17,
2.8056780361603196e-17,
3.1535792194023476e-17,
3.27834583568176e-17,
2.875452503460714e-17,
2.5445819432832527e-17,
2.5495712307644332e-17,
3.2072863393974154e-17,
3.374161347317262e-17,
2.8834324254046154e-17,
2.129076894632941e-17,
2.053142046189115e-17,
3.2007629978855683e-17,
2.8542543664676024e-17,
2.6358255238894882e-17,
2.57485419588098e-17,
2.7018739910779685e-17,
3.271201480305185e-17,
3.080426580605773e-17,
2.4832316123503313e-17,
2.4588292590819253e-17,
2.4894585833945113e-17,
2.541146747075846e-17,
5.842652501372938e-17,
5.613986100648099e-17,
6.58051429037715e-17,
2.3888350467267502e-17,
1.748558640472453e-18,
1.525886346608792e-17,
1.0948860149407921e-17,
-1.733390684353408e-17,
8.056096231235932e-18,
1.292379532148847e-17,
2.3586280014067482e-17,
2.162725544898808e-17,
1.9100697487338498e-17,
3.491465684663464e-17,
2.8646184567428693e-17,
2.2176491684314952e-17,
1.7181307605886588e-17,
9.912422555524451e-18,
2.3454614879055768e-17,
4.0585905241448526e-17,
3.133585209318434e-17,
2.8659895563441535e-17,
2.491667663078008e-17,
2.4589224869838228e-17,
3.129914449238166e-17,
4.4518463274246585e-17,
4.4920657248480954e-17,
2.126609857663407e-17,
4.394021615921946e-18,
-1.0289706140872046e-17,
4.9040694038244e-18,
2.928707503202502e-17,
2.7000926412883233e-17,
3.369104661409027e-17,
3.324271334248846e-17,
3.014019137980114e-17,
2.1756770839405652e-17,
1.9123068114960712e-17,
2.849580655619295e-17,
2.7771164012049935e-17,
2.793459622945285e-17,
2.4711676538576402e-17,
2.900056638610959e-17,
4.1134142402955714e-17,
4.083747524283692e-17,
2.889604677395343e-17,
3.757155448575157e-17,
2.1902003741386667e-17,
3.021463138645093e-17,
2.6945151624958207e-17,
2.069552901353133e-17,
1.9226302622941445e-17,
6.592343515613823e-17,
8.874578824145054e-17,
3.4223819833310394e-17,
2.2236799145738552e-17,
2.6629288581101487e-17,
2.5912319419802653e-17,
2.1554286906758787e-17,
6.901274484733335e-18,
2.588555706786429e-17,
2.0483609018689398e-17,
4.99265512911872e-17,
4.114991374652003e-17,
4.023851420671001e-17,
2.7635794462208434e-17,
4.019074190643635e-17,
5.4060891690963654e-17,
-1.1853022529345171e-18,
1.0105935674982462e-17,
4.075690184144787e-17,
4.425882648082288e-17,
3.9208963829042435e-17,
3.9336142642786714e-17,
4.043829363618798e-17,
3.918781464126028e-17,
8.49220242417718e-18,
5.047236093336791e-18,
1.419286414376734e-17,
2.6133789213904426e-17,
2.989444988676548e-17,
2.9521922773702837e-17,
4.395780022719337e-17,
3.9225158403478594e-17,
7.660920604839814e-18,
2.2153009924810808e-17,
5.998006744030925e-17,
3.9000338985260644e-17,
2.470909283362337e-17,
2.7471543542904795e-17,
3.0022662023785435e-17,
4.2649252213037917e-17,
4.5028543635817036e-17,
4.139846875319208e-17,
4.0608830263432066e-17,
3.0236374681903653e-17,
3.2763590385653385e-17,
3.773173133232916e-17,
2.1061625136026014e-17,
2.174571308694564e-17,
2.7959472446668225e-17,
3.6879439701742973e-17,
5.646660424324294e-17,
4.6484949829660367e-17,
3.076462203389601e-17,
4.1444341777261726e-17,
2.0525023387372577e-17,
2.7482175065691284e-17,
3.1062510764264244e-17,
3.5084378304928784e-17,
2.939949532574314e-17,
2.7402262758041707e-17,
2.086850047473035e-17,
2.0329507302590003e-17,
2.5152404864573784e-17,
2.3630669725479506e-17,
3.5489582217959374e-17,
2.0479376332970834e-17,
1.3997271429992397e-17,
2.2694047257956773e-17,
2.7666983929877637e-17,
1.9795462164463194e-17,
1.8991173742741262e-17,
2.56562904437198e-17,
2.5273763534350566e-17,
1.915773806046911e-17,
2.1108717720187465e-17,
1.6603116931975917e-17,
1.9357293559756858e-17,
3.230417497538279e-17,
3.3719341341116803e-17,
2.2114191646315557e-17,
2.0044012021975113e-17,
2.0173526924878507e-17,
2.6432474065180513e-17,
2.6021486703780673e-17,
2.4106888634481013e-17,
3.323629410399669e-17,
3.741177949519777e-17,
3.074133479819748e-17,
3.0685327100373847e-17,
3.5953618701799784e-17,
3.137050106073411e-17,
2.5908743537127182e-17,
2.9017405501615776e-17,
3.967760694316646e-17,
3.470700718784375e-17,
2.466616645857198e-17,
2.3097317146904797e-17,
3.8082550222254803e-17,
4.9115122700952215e-17,
2.2445736848234128e-17,
1.4013245481395616e-17,
3.2862155177754077e-17,
3.3612057397344284e-17,
2.4675197967793753e-17,
2.000421893715028e-17,
2.304538003528145e-17,
1.2529232914958265e-17,
2.2356719111958448e-17,
1.7614865549214648e-17,
2.6165374263662014e-17,
3.346931363959386e-17,
5.3362454259674065e-17,
2.867495211710008e-17,
2.9433772912902405e-18,
1.6970849796684505e-17,
1.3495755988720739e-17,
2.8824050179035117e-17,
1.3417342832047533e-17,
1.0751405075303742e-17,
2.445338208323715e-17,
3.347593214301158e-17,
2.916556925549763e-17,
1.49943746121588e-17,
1.8126277404644534e-17,
2.6640777999142224e-17,
3.063683139353751e-17,
2.307743586015392e-17,
2.7086756409719064e-17,
3.20069822058033e-17,
2.5474814780106348e-17,
1.86926825408643e-17,
2.0071906969407937e-17,
3.0066777327352e-17,
2.6625379387230648e-17,
1.6135064017074893e-17,
2.2314913256372672e-17,
3.55669035300801e-17,
2.9082437527837836e-17,
1.6384338730949507e-17,
1.835590986789344e-17,
2.6081673261251132e-17,
1.0380255638921212e-17,
-2.009187374328954e-18,
1.819583687683618e-17,
2.4120451153125166e-17,
2.524077100188046e-17,
3.294515370402771e-17,
3.69002612147807e-17,
4.0198606174795656e-17,
2.846659449895305e-17,
2.308376211652931e-17,
2.5900129320023178e-17,
3.108511340823818e-17,
3.1093387707052855e-17,
3.1496244265775125e-17,
3.271290079505141e-17,
2.6954934460202033e-17,
3.0150916066537154e-17,
1.9200164938299267e-17,
2.4436889509155293e-17,
2.7768444008519175e-17,
1.5508962669072275e-17,
5.891310350749721e-18,
3.7664397453017615e-19,
1.2404646317062323e-17,
2.8201285927499337e-17,
1.511849743584267e-17,
2.1853714405018493e-17,
1.8140159662215405e-17,
1.5900800837525902e-17,
4.239156728307769e-17,
5.941097017488048e-17,
1.6629507220048023e-17,
2.680784224187148e-17,
4.3448421737358135e-17,
4.898296922409855e-17,
2.4711649533729036e-17,
2.7301247948308853e-17,
2.1065259912562453e-17,
2.443518068893255e-17,
3.999121354055312e-17,
4.2327148453347856e-17,
2.8562176452050825e-17,
1.4164265955045207e-17,
1.3925354327740937e-17,
2.1214497194066803e-17,
3.076410251676083e-17,
3.354296317623833e-17,
2.926452549729972e-17,
5.709979568839924e-18,
1.3011408096914877e-17,
2.8214524386667887e-17,
3.488893248823876e-17,
2.0079112998800178e-17,
2.2504317164391295e-17,
3.9431454616124263e-17,
3.441089320405415e-17,
7.559397835872114e-18,
-8.851246225567886e-18,
1.7944251605233955e-17,
6.712899094602468e-17,
4.3450134891093354e-17,
2.5472622155617225e-17,
2.3048222983385298e-17,
3.6088649216897324e-17,
5.387507704534239e-17,
2.048331275305625e-17,
-3.3115050069565633e-18,
1.1150362219606175e-17,
1.618358886058357e-17,
2.1784514228253682e-17,
3.607272341859666e-17,
2.455587943615686e-17,
2.138517407966537e-17,
3.0065324768882766e-17,
2.917924453721969e-17,
1.6252142217241786e-17,
1.7528357437461503e-17,
2.931649294870418e-17,
2.0714256994940057e-17,
1.9731006176398417e-17,
1.7866963100641294e-17,
2.0980564896910684e-17,
3.4660364542125274e-17,
4.4096270813654857e-17,
4.9644248672187176e-17,
2.3225326056580727e-17,
5.5409073249007977e-17,
1.0042808516577534e-17,
2.376480515268843e-18,
5.126388938827962e-17,
1.9372528901491648e-17,
5.094523218201938e-18,
3.2910448034184275e-17,
2.3222321866774784e-17,
1.8268701836367443e-17,
1.4400337693927292e-17,
2.2741368628922557e-17,
2.1977714333663535e-17,
2.736277371545548e-17,
4.633785208141467e-17,
2.8493579229534226e-17,
7.720689414726893e-18,
1.7094616510668435e-17,
3.400116110524784e-17,
5.043009378613002e-17,
3.916764666916706e-17,
1.8308721977348457e-17,
1.380277388179033e-17,
4.561386576073647e-17,
6.791336137051322e-17,
6.420540951047308e-17,
4.1747020738626915e-17,
1.597895790977149e-17,
2.532437239271151e-17,
8.979129015258081e-18,
-2.7435618129123883e-18,
3.6719335061616384e-19,
9.932829508907705e-18,
1.1434829732518422e-17,
1.3998408476186006e-17,
2.88497521767968e-17,
2.269283446693273e-17,
2.4133089290715434e-17,
3.24671097762034e-17,
2.9898595177859633e-17,
1.7513724322755056e-17,
2.0032437810702538e-17,
6.914825446752367e-18,
-5.090775753440291e-18,
1.2366616482102323e-17,
3.6041902100043856e-18,
1.42082522998339e-17,
1.7556036323042019e-19,
2.333034885317203e-19,
2.5582353862771555e-17,
1.977006059476089e-17,
1.0211352316671439e-17,
2.006422234932519e-17,
2.2462160519127568e-17,
8.300586175906966e-18,
9.18057769051904e-19,
3.2635954355038852e-18,
1.676322934357216e-17,
-1.3550272364933796e-18,
-5.298324226952519e-18,
-2.962722357980133e-17,
1.6250010849428337e-18,
2.7023312901736353e-17,
2.3685605448275262e-17,
4.8092067907599363e-17,
1.3476093734480872e-17,
-1.4253914134809563e-18,
-3.214785668844468e-17,
-1.1110121412677047e-17,
-1.4636498815529804e-17,
1.8789734499259802e-17,
6.307433275421629e-17,
2.0871239189429713e-17,
8.124803932709058e-18,
-1.1398298222053681e-17,
7.355546119620433e-18,
3.072525995101072e-17,
3.161664234071856e-17,
7.116429203582304e-17,
5.923254360398233e-17,
4.718204047460706e-17,
9.64824795734227e-18,
3.8423564600411244e-17,
3.017494799034982e-17,
6.371755718644272e-17,
4.0822198841215415e-17,
4.0012228775556013e-17,
8.902431977872007e-18,
-2.349074420266122e-17,
4.664204128967827e-18,
-1.6104978725571091e-18,
1.6526829189981803e-17,
3.887700134402046e-17,
1.1234808289676022e-17,
1.6274489606422882e-17,
1.2567753696685176e-17,
-2.6440347283435914e-17,
-1.0842006398940484e-17,
1.1087820410405313e-17,
3.651856004830503e-17,
4.0613924143643396e-17,
4.150079381938886e-17,
1.0104728793332328e-17,
4.2086855101548335e-17,
4.960669652366745e-17,
4.1127788662067394e-17,
-8.252592238210275e-18,
-2.237823770924064e-17,
-3.243018269813052e-17,
-6.302262147862337e-17,
-9.428573711253671e-17,
1.1077936719960415e-16,
1.1248810179458668e-16,
2.6060275924684762e-17,
2.73757872156466e-17,
-2.93438616116291e-17,
4.187351659286081e-18,
3.380252623604975e-18,
-3.148698745940722e-19,
2.7732081696970303e-17,
-9.302965705237162e-18,
-6.2506840587299505e-18,
2.5498499411391226e-17,
3.460801933109091e-17,
4.630500724528792e-17,
2.8049773433509355e-17,
2.547302002311378e-17,
2.0551355579132723e-17,
-2.2982280203182237e-17,
2.957464150126021e-17,
6.865859018621875e-17,
7.475036115965666e-17,
6.327022467254299e-17,
-8.856288824226431e-18,
-2.5257505766587093e-17,
1.5254834025895326e-17,
4.6987805681129026e-17,
4.3733703436234164e-17,
1.498612005449441e-17,
1.1844383438071106e-17,
1.3586434074339752e-17,
5.643885714095672e-17,
1.2410613503023764e-16,
-5.917835130599446e-17,
-1.1595044184319568e-16,
2.813928753181622e-19,
1.0453673400744864e-16,
-2.5703639343251472e-17,
-1.5534001986933027e-17,
1.3279459092249392e-17,
1.3737606447318739e-17,
5.594875799080807e-17,
1.1334763873218252e-17,
6.235011411069332e-17,
8.831595469882394e-17,
4.1225023165193544e-17,
6.348736651867628e-17,
1.9682066062794745e-17,
6.906914694003967e-18,
3.821324898925646e-17,
6.172045894575565e-17,
-9.52406647126962e-18,
-4.946775174814497e-18,
9.82258247034559e-18,
-1.0332242476983655e-16,
-1.4626992045485503e-17,
3.047443683351984e-17,
1.9164652036262013e-17,
-9.351005040641685e-17,
-4.962561387580496e-17,
9.93366532737255e-17,
4.731115406409789e-17,
2.2172310727470334e-17,
-4.236171269897955e-17,
-9.503501590871303e-17,
1.4528594868628256e-17,
-2.458170945690197e-18,
-6.325506118160591e-17,
3.193871950910778e-17,
1.40983828919797e-16,
1.0249995163498228e-16,
6.819063647212647e-18,
-4.627417352858095e-17,
-1.2714211732140833e-17,
6.608445110029984e-17,
7.930093044900547e-17,
-3.2354054104235526e-17,
8.745690837184953e-18,
1.1400020228425114e-16,
2.404342664312999e-17,
-2.1834016848504877e-17,
7.0041997061089e-17,
-1.2908664556320651e-17,
3.0178762990246415e-17,
2.3858855915797118e-17,
-9.953956047254997e-17,
-6.517803538833568e-17,
-3.630317976858516e-17,
-1.0871423545866654e-16,
-1.4659573168338345e-17,
9.709954411305239e-18,
3.3789533509540757e-17,
-8.798431222074249e-17,
-1.8129003632542604e-17,
1.0680737815448262e-16,
1.9938970189162327e-16,
1.451851918596509e-16,
9.700360658628665e-17,
-3.0368424144616276e-19,
2.371195702715836e-17,
9.412378263059734e-17,
1.81870202289779e-16,
3.659719349561454e-17,
-5.995757776043568e-17,
-2.352689185358528e-17,
8.848223526382254e-17,
2.004800189055216e-16,
-2.096599121495667e-17,
3.258249695946952e-17,
1.4768197813536362e-16,
1.1690456661491697e-16,
1.0319941147809946e-16,
1.2910649100404757e-16,
9.947483816818272e-17,
1.2434430795501492e-16,
7.10278465443485e-17,
2.3396067963301366e-16,
2.5648347507383555e-16,
1.0247189449233197e-16,
6.44379999891852e-17,
8.702791603009271e-17,
8.870980027638589e-17,
1.4233961938017829e-16,
-2.7107355874679176e-17,
-5.832667417816792e-17,
1.7871640399521426e-16,
1.1691782424795482e-16,
-1.4861906753726054e-17,
1.1100004314047218e-16,
1.0486099657257116e-16,
-3.134151035136209e-17,
5.83654411804403e-17,
6.288576950576075e-17,
2.0949953829406014e-17,
-4.2437422888139263e-17,
-1.3310286472073405e-16,
-8.320990895662237e-17,
5.310752501677932e-17,
-2.8749225468642896e-17,
-9.293884845809861e-17,
1.7818636787976958e-17,
2.093661432934683e-18,
2.389203816401498e-17,
-1.901045989244456e-16,
-2.742694317933101e-16,
-7.296480149558599e-17,
1.6063734014939154e-16,
2.3522113678472626e-17,
-7.2467268321639e-18,
2.204780642228274e-16,
7.883403417847337e-17,
-4.9133955994279594e-17,
1.0570456822116333e-16,
1.2282417503309792e-16,
-4.4914843710339e-17,
6.931008470670957e-17,
2.1891098590323766e-16,
8.39884707837982e-17,
-2.7555828877216422e-17,
7.554161510524755e-17,
4.942938138104485e-17,
4.9094084869669145e-17,
-1.645586894826053e-16,
1.7869859780137408e-17,
1.1007748688688369e-16,
5.1227728536443776e-18,
2.5974724732185517e-16,
1.7880117019255984e-16,
-1.0958179696257748e-16,
5.0245446459247595e-17,
1.5630670769601066e-16,
2.1162683077071654e-16,
8.717039675466196e-18,
7.943429811552443e-17,
-6.829481103846119e-17,
1.2685361167038236e-17,
1.3480774300719253e-16,
2.4954227481327307e-16,
1.110555472587831e-16,
1.8561843358760185e-16,
1.2792456322368572e-16,
1.7799473901789e-16,
1.6260358358963852e-16,
-8.408772449114024e-17,
-1.784714713474441e-16,
-5.2844302389207476e-17,
-1.84189701953043e-16,
-9.890736438439644e-17,
1.2126962245713573e-16,
7.803431504400255e-17,
1.2177890521229297e-17,
-9.513566289253093e-17,
-5.227763211284183e-16,
-3.570739558222435e-16,
-5.08022783809469e-17,
8.894002873041383e-17,
2.4158339651002636e-16,
2.451847582580522e-16,
1.883410702183444e-16,
5.1862789686080294e-17,
6.325177518608966e-17,
-4.278518998435962e-18,
-8.034803734835264e-17,
1.175016394929889e-16,
6.008309267726712e-17,
2.533190383284466e-16,
-9.633196554691957e-17,
-2.6109718784612836e-16,
-2.333609725681496e-17,
-6.179046308070892e-17,
2.0753627065950783e-16,
-1.363878891578388e-16,
-2.992652425985743e-16,
4.787366676499834e-18,
-1.236099953538624e-16,
3.416460153061726e-16,
3.843650247317045e-16,
1.7751210942482745e-16,
-1.2091585677829012e-16,
-1.0045773471530377e-16,
-9.866229136821201e-17,
-8.900418068054423e-17,
1.0449230100503936e-16,
3.2376855949185865e-16,
6.373524692883598e-16,
2.025342361145951e-16,
2.5082822704288578e-17,
3.056087314570246e-16,
4.712558343666126e-16,
2.6912282337262867e-16,
2.385418120389789e-16,
4.6434290834470773e-17,
-9.611023861285132e-17,
3.326607741357642e-17,
2.6064189817312232e-17,
1.0053997515020685e-16,
-8.955036484414913e-17,
2.2240719375716103e-17,
-9.017040266223929e-17,
-2.3221146699770205e-16,
3.065702440197986e-16,
