wavelength,flux
6.995406215632365e-16,
6.786775765907306e-16,
6.810177238805971e-16,
6.832314945011784e-16,
7.097139434406912e-16,
7.335272299685781e-16,
7.221969078947369e-16,
7.409071916732128e-16,
7.570158591908876e-16,
7.359981117439119e-16,
7.359676070306364e-16,
7.360068273762765e-16,
7.175362234878241e-16,
6.905635202278083e-16,
6.921040082482324e-16,
7.107205989787902e-16,
7.148779556166537e-16,
7.182160428122545e-16,
7.646551109583661e-16,
7.793278780439905e-16,
7.7848464061272585e-16,
7.83221586802828e-16,
7.77338534956795e-16,
7.763732786724274e-16,
7.811036881382561e-16,
7.772927778868814e-16,
7.850279016103692e-16,
7.958069599371563e-16,
7.920941005498822e-16,
7.839275530243518e-16,
7.736823271798901e-16,
7.704902268263943e-16,
7.88662320306363e-16,
8.109220453652789e-16,
8.196507511783189e-16,
8.256928633150038e-16,
8.111660830714847e-16,
7.946107393951295e-16,
8.015287725844461e-16,
8.228668195208169e-16,
8.00661567164179e-16,
7.835680331893166e-16,
8.092137814218383e-16,
8.15678601728201e-16,
8.19953619402985e-16,
8.379078220738413e-16,
8.406924666142969e-16,
8.366919913589946e-16,
8.350185899450117e-16,
8.322993126472899e-16,
8.293142085624508e-16,
8.201017851531814e-16,
8.276517016889238e-16,
8.1597275432050265e-16,
7.882417910447761e-16,
8.122838629222309e-16,
8.366941702670856e-16,
8.40217464650432e-16,
8.493754153574234e-16,
8.596402513747054e-16,
8.384743381775333e-16,
8.20411190102121e-16,
8.427624293008641e-16,
8.733673723487825e-16,
8.563762470542028e-16,
8.365133208955223e-16,
8.503493872741556e-16,
8.663294992144541e-16,
8.662902788688138e-16,
8.546897721916733e-16,
8.423484367635507e-16,
8.524934328358209e-16,
8.680094373527101e-16,
8.492468597800472e-16,
8.293621445404556e-16,
8.570843921838178e-16,
8.876370414375491e-16,
8.623377395915162e-16,
8.205223144147683e-16,
8.196354988216811e-16,
8.291246435585231e-16,
8.129832924194815e-16,
7.873985536135114e-16,
8.088019677926158e-16,
8.192672633542812e-16,
8.18735609780047e-16,
7.896842282010998e-16,
7.423213030243519e-16,
7.290670051060486e-16,
7.115878043990575e-16,
7.319605950510607e-16,
7.419813933621367e-16,
7.441494069128044e-16,
7.71067637470542e-16,
7.823216977611941e-16,
7.967003122545169e-16,
8.215529379418696e-16,
8.25235292615868e-16,
8.191256343283582e-16,
8.271832364493323e-16,
8.180034966614295e-16,
8.116890210133542e-16,
8.298218941476826e-16,
8.300659318538883e-16,
8.168399597407697e-16,
8.228842507855459e-16,
8.362605675569521e-16,
8.228646406127258e-16,
8.074401502356637e-16,
7.989336930479183e-16,
7.925146298114688e-16,
7.855159770227808e-16,
8.100374086802828e-16,
8.236948045954436e-16,
8.121727386095838e-16,
8.026116899057344e-16,
8.280068637077769e-16,
8.143995826787118e-16,
8.106649342105264e-16,
8.158964925373135e-16,
8.000383994501178e-16,
7.961403328750982e-16,
7.813542625687352e-16,
7.420097191673212e-16,
7.481869236056559e-16,
7.529347643362137e-16,
7.358978819717204e-16,
7.094001806755695e-16,
6.856173988609583e-16,
7.035367390023567e-16,
7.355601512175963e-16,
7.301542802435193e-16,
7.061950068735271e-16,
7.289210182639435e-16,
7.655048851139041e-16,
7.668100510604869e-16,
7.65766354084839e-16,
7.701263491751767e-16,
7.626635889630792e-16,
7.46474301846033e-16,
7.418266908876669e-16,
7.529478377847605e-16,
7.614673684210526e-16,
7.688211832285939e-16,
7.724490652003142e-16,
7.680215239591516e-16,
7.741551502356637e-16,
7.851717095443834e-16,
7.790228309112332e-16,
7.790424410840534e-16,
7.736322122937942e-16,
7.810775412411626e-16,
8.041434622937942e-16,
7.857992350746269e-16,
7.54124448153967e-16,
7.410161370777691e-16,
7.636898546739984e-16,
7.940834436370778e-16,
8.157614002356637e-16,
7.863897191673212e-16,
7.400988167714062e-16,
7.467466653574234e-16,
7.859060015710919e-16,
7.742357698350353e-16,
7.604803230557736e-16,
8.04047590337785e-16,
8.253224489395129e-16,
7.945148674391201e-16,
7.769637627651217e-16,
7.860062313432836e-16,
7.962405626472899e-16,
7.814283454438334e-16,
7.802430194422623e-16,
8.121509495286724e-16,
8.208970866064415e-16,
8.028579065200314e-16,
7.903945522388061e-16,
7.691915976040849e-16,
7.685357462686567e-16,
7.99846655538099e-16,
7.985894255695209e-16,
7.979793313040063e-16,
8.262027278083268e-16,
8.236403318931657e-16,
7.971034102513747e-16,
8.063899165357423e-16,
8.0380573153967e-16,
7.974280675569521e-16,
8.05727528476041e-16,
8.190624459937156e-16,
8.066840691280439e-16,
7.934123399450118e-16,
8.229626914768264e-16,
8.264380498821682e-16,
8.013174184996072e-16,
7.983606402199529e-16,
8.087910732521602e-16,
8.1073030145326e-16,
8.180557904556167e-16,
8.005983788295365e-16,
7.8436551355066775e-16,
8.108741093872741e-16,
8.336131942262373e-16,
8.213219736842105e-16,
8.199252935978006e-16,
8.207336684996072e-16,
8.023872623723487e-16,
7.977766928515318e-16,
8.08045886684996e-16,
8.061959937156324e-16,
8.045705282796543e-16,
8.01720516496465e-16,
7.765889905734485e-16,
8.062875078554594e-16,
8.479133680282796e-16,
8.311139866457188e-16,
8.242112058130401e-16,
8.413112765121759e-16,
8.377138992537313e-16,
8.183020070699137e-16,
8.147896072270225e-16,
8.1561977120974075e-16,
8.100962391987432e-16,
7.985872466614296e-16,
7.792450795365278e-16,
7.873615121759623e-16,
8.170295247446975e-16,
8.258039876276511e-16,
8.205114198743128e-16,
8.093728417124902e-16,
8.1954398468185385e-16,
8.531579998036136e-16,
8.416991221523958e-16,
8.279153495679497e-16,
8.3257821288295355e-16,
8.148593322859387e-16,
8.251786410054988e-16,
8.37073300274941e-16,
8.059737450903379e-16,
7.741616869599371e-16,
7.816375206205811e-16,
8.149944245875884e-16,
8.225748458366064e-16,
8.097214670070699e-16,
8.051849803613511e-16,
7.899304448153966e-16,
7.956696887274155e-16,
8.250914846818539e-16,
8.281702818146111e-16,
8.232764542419481e-16,
8.239998517282011e-16,
8.099241054595443e-16,
7.934907806362922e-16,
7.869605930871955e-16,
7.974367831893166e-16,
8.002802582482325e-16,
7.981906853888454e-16,
8.011997574626865e-16,
7.955062706205814e-16,
8.057144550274941e-16,
7.930506412018853e-16,
7.737411576983503e-16,
7.6787771602513745e-16,
7.649252955616654e-16,
7.635460467399842e-16,
7.63929534564022e-16,
7.584779065200314e-16,
7.80589465828751e-16,
7.695707276119403e-16,
7.640297643362136e-16,
7.884008513354281e-16,
7.905666859780048e-16,
7.802212303613511e-16,
7.718367920267085e-16,
7.699934357816183e-16,
7.543227287902592e-16,
7.464503338570306e-16,
7.618334249803615e-16,
7.712637391987431e-16,
7.638903142183817e-16,
7.660191074234092e-16,
7.776588344461901e-16,
7.914142812254516e-16,
7.804260477219167e-16,
7.631320542026708e-16,
7.728303741162607e-16,
7.819599990180676e-16,
7.685553564414768e-16,
7.546168813825609e-16,
7.585628839355852e-16,
7.745386380597016e-16,
7.686337971327574e-16,
7.52464120188531e-16,
7.58364603299293e-16,
7.696382737627651e-16,
7.661803466221524e-16,
7.443062882953653e-16,
7.417678603692066e-16,
7.463566408091123e-16,
7.39266473880597e-16,
7.516993234485466e-16,
7.534882069913589e-16,
7.628204703456402e-16,
7.773298193244305e-16,
7.666335595051061e-16,
7.536864876276512e-16,
7.681261115475254e-16,
7.712572024744697e-16,
7.566280135506678e-16,
7.429836910840534e-16,
7.439511262765122e-16,
7.502895699135899e-16,
7.289275549882168e-16,
7.320019943047918e-16,
7.41613157894737e-16,
7.23066292223095e-16,
7.085830901413983e-16,
7.017522132757266e-16,
7.203535516496464e-16,
7.565408572270229e-16,
7.602406431657503e-16,
7.412841427729773e-16,
7.355514355852318e-16,
7.424520375098192e-16,
7.487534397093481e-16,
7.361005204241948e-16,
7.251994432443049e-16,
7.313548586017281e-16,
7.359174921445405e-16,
7.396303515318147e-16,
7.487577975255302e-16,
7.706209613118617e-16,
7.780292488216811e-16,
7.442343843283583e-16,
7.1582142282011e-16,
7.146121288295365e-16,
7.321959171249019e-16,
7.589877710133542e-16,
7.581990062843676e-16,
7.47607334053417e-16,
7.343944353888453e-16,
7.26953464257659e-16,
7.337669098586018e-16,
7.366670365278867e-16,
7.295943008641005e-16,
7.408287509819324e-16,
7.271430292615868e-16,
7.190178809897879e-16,
7.252452003142184e-16,
7.331916781225451e-16,
7.260470384917518e-16,
7.142482511783189e-16,
7.244324675962293e-16,
7.294897132757267e-16,
7.19745636292223e-16,
7.135357482325216e-16,
7.06247300667714e-16,
6.896048006677141e-16,
6.669768401413982e-16,
6.627018224666143e-16,
6.852339110369207e-16,
7.005167723880596e-16,
7.044235545954438e-16,
7.178434495286724e-16,
7.260405017674781e-16,
7.195887549096622e-16,
7.052057826001572e-16,
6.999546141005498e-16,
6.947383081304006e-16,
6.791046425765907e-16,
6.67131542615868e-16,
6.770499322466614e-16,
6.959759279261586e-16,
6.898183336606442e-16,
6.894479192851532e-16,
6.693387765121761e-16,
6.5601257462686565e-16,
6.769388079340141e-16,
6.81813025333857e-16,
6.881645424194817e-16,
6.975033424980361e-16,
7.097357325216026e-16,
6.951740897486253e-16,
6.797844619010212e-16,
6.927380705027494e-16,
7.07748568342498e-16,
7.087268980754124e-16,
6.858178584053417e-16,
6.748514139827181e-16,
6.820941044776121e-16,
6.818173831500393e-16,
6.798803338570305e-16,
6.871426345247446e-16,
6.935660555773763e-16,
7.072670296543598e-16,
7.265351139041634e-16,
7.163596131186176e-16,
6.860161390416339e-16,
6.7665990769835025e-16,
6.917379516889237e-16,
7.078422613904163e-16,
7.123722113118617e-16,
7.012684956794972e-16,
6.921606598586018e-16,
7.092193313040062e-16,
7.189263668499608e-16,
6.927184603299293e-16,
6.848700333857031e-16,
7.159848409269443e-16,
7.262627503927729e-16,
7.186322142576591e-16,
7.278075962293795e-16,
7.257376335428123e-16,
7.232340681461115e-16,
7.314463727415554e-16,
7.254304075019638e-16,
7.0133822073841315e-16,
7.028482040455616e-16,
7.209244255695209e-16,
7.112064954831107e-16,
7.101083258051846e-16,
7.106704840926944e-16,
7.119320718774548e-16,
7.114004183032207e-16,
7.065545267085624e-16,
7.060272309505105e-16,
6.914089365671641e-16,
6.981657305577376e-16,
7.113590190494893e-16,
7.039420159073055e-16,
7.259555243519246e-16,
7.444740642183818e-16,
7.533923350353495e-16,
7.504704192851532e-16,
7.454741830322073e-16,
7.422624725058916e-16,
7.28912302631579e-16,
7.307251541633935e-16,
7.278206696779261e-16,
7.13012810290652e-16,
7.126075333857031e-16,
7.09955802238806e-16,
7.070142763157895e-16,
7.072670296543598e-16,
7.07925059897879e-16,
7.102869962686567e-16,
7.1386258444619e-16,
7.190440278868815e-16,
7.279208994501178e-16,
7.287597790652004e-16,
7.306990072663001e-16,
7.437746347211312e-16,
7.414889601335427e-16,
7.305726305970149e-16,
7.196475854281225e-16,
7.238812038491752e-16,
7.444849587588373e-16,
7.217959888059702e-16,
7.150370159073055e-16,
7.3029155145326e-16,
7.27271584838963e-16,
7.289362706205812e-16,
7.3007801846033e-16,
7.325053220738414e-16,
7.429945856245091e-16,
7.456463167714062e-16,
7.373664660251374e-16,
7.286682649253731e-16,
7.185232688531029e-16,
7.266941741948154e-16,
7.418768057737627e-16,
7.324486704634721e-16,
7.183751031029065e-16,
7.267682570699135e-16,
7.226130793401414e-16,
7.184579016103691e-16,
7.143027238805971e-16,
7.101475461508249e-16,
7.059923684210526e-16,
7.110822977219167e-16,
7.053299803613511e-16,
7.06140534171249e-16,
7.125443450510605e-16,
7.110692242733699e-16,
7.05876886292223e-16,
6.977953161822466e-16,
7.061013138256088e-16,
7.321479811468971e-16,
7.301063442655145e-16,
7.147341476826395e-16,
7.092563727415553e-16,
7.111302336999216e-16,
7.191246474862529e-16,
7.20486465043205e-16,
7.199526325608798e-16,
7.227285614689709e-16,
7.386803476040848e-16,
7.359719648468184e-16,
7.283937225058916e-16,
7.382532816182246e-16,
7.386868843283583e-16,
7.371616486645719e-16,
7.227438138256088e-16,
7.200528623330715e-16,
7.275548428908091e-16,
7.07872766103692e-16,
6.895198232521602e-16,
7.127753093087196e-16,
7.203862352710133e-16,
6.943221366849961e-16,
6.636954045561665e-16,
6.711385545954438e-16,
6.906223507462686e-16,
6.975316683032208e-16,
6.975425628436763e-16,
7.069292989002357e-16,
7.104939925373133e-16,
6.9591709740769835e-16,
6.866676325608799e-16,
6.980197437156324e-16,
7.072692085624509e-16,
6.913675373134328e-16,
6.902737254516888e-16,
7.060250520424195e-16,
6.998718155930872e-16,
6.889707384131972e-16,
6.70506671249018e-16,
6.612637431264729e-16,
6.779498212882954e-16,
6.890491791044776e-16,
6.675607875098192e-16,
6.649744236056558e-16,
6.704042625687352e-16,
6.731257187745482e-16,
6.93298049882168e-16,
7.176843892380205e-16,
7.118318421052631e-16,
6.975055214061273e-16,
7.000744540455616e-16,
7.136032943833463e-16,
6.991288079340141e-16,
7.075786135113904e-16,
6.948123910054988e-16,
6.976340769835035e-16,
7.160175245483112e-16,
7.235500098193243e-16,
7.108818381775333e-16,
7.0214659564022e-16,
7.052079615082482e-16,
7.160981441476826e-16,
6.99921930479183e-16,
6.977103387666929e-16,
7.164598428908091e-16,
7.177541142969365e-16,
6.997868381775334e-16,
7.141937784760409e-16,
7.247745561665358e-16,
7.170699371563235e-16,
7.29212991948154e-16,
7.308776777297722e-16,
7.156688992537313e-16,
7.100364218381775e-16,
7.117011076197956e-16,
7.062320483110763e-16,
6.923763717596231e-16,
6.927990799293009e-16,
6.99213785349568e-16,
6.962090710919088e-16,
6.937795885703063e-16,
6.986973841319716e-16,
6.962918695993716e-16,
6.943177788688138e-16,
6.910232698350353e-16,
6.981243313040063e-16,
7.038396072270228e-16,
6.876241732128829e-16,
6.7642458562450905e-16,
6.748209092694422e-16,
6.868811655538099e-16,
6.807976541633936e-16,
6.733305361351139e-16,
6.822967429300863e-16,
6.719142458758837e-16,
6.773135801256873e-16,
6.944899126080127e-16,
6.88476126276512e-16,
6.744918941476826e-16,
6.750889149646503e-16,
6.736704457973291e-16,
6.872385064807541e-16,
6.905134053417125e-16,
6.71439243912019e-16,
6.593680930871957e-16,
6.604924096622153e-16,
6.67148973880597e-16,
6.72343490769835e-16,
6.734699862529457e-16,
6.68138198153967e-16,
6.543653201099765e-16,
6.487894943047919e-16,
6.564810398664572e-16,
6.578777199528674e-16,
6.488657560879812e-16,
6.465626502356638e-16,
6.546877985074627e-16,
6.651116948153967e-16,
6.674431264728987e-16,
6.564701453260017e-16,
6.598082325216025e-16,
6.72713905145326e-16,
6.650310752160251e-16,
6.688267331107619e-16,
6.641486174391202e-16,
6.519707001178319e-16,
6.61194018067557e-16,
6.683212264336213e-16,
6.631463197172034e-16,
6.591371288295365e-16,
6.534654310683425e-16,
6.476760722702278e-16,
6.399562009033778e-16,
6.493233267871171e-16,
6.559101659465828e-16,
6.518922594265515e-16,
6.524805646111548e-16,
6.5185303908091135e-16,
6.612201649646504e-16,
6.607342684603299e-16,
6.719469294972506e-16,
6.778452336999215e-16,
6.812944452081696e-16,
6.849811576983503e-16,
6.868070826787117e-16,
6.799500589159465e-16,
6.698290308326786e-16,
6.692298311076198e-16,
6.821703662608011e-16,
6.873387362529458e-16,
6.765901826394343e-16,
6.731998016496464e-16,
6.803989139827181e-16,
6.790153073448547e-16,
6.703911891201886e-16,
6.649940337784762e-16,
6.630635212097407e-16,
6.643185722702279e-16,
6.682689326394345e-16,
6.649526345247446e-16,
6.640287774941084e-16,
6.626734966614297e-16,
6.631179939120188e-16,
6.684650343676354e-16,
6.735462480361351e-16,
6.799500589159465e-16,
6.9038920758051835e-16,
6.953919805577376e-16,
7.033166692851531e-16,
7.021574901806756e-16,
6.960173271798901e-16,
7.034299725058917e-16,
7.032404075019639e-16,
6.887680999607227e-16,
6.794619835035349e-16,
6.823860781618225e-16,
6.914568725451689e-16,
6.828501855852318e-16,
6.68759186959937e-16,
6.678723713668499e-16,
6.697440534171249e-16,
6.90611456205813e-16,
6.99109197761194e-16,
6.843645267085625e-16,
6.817650893558524e-16,
6.906070983896308e-16,
6.88526241162608e-16,
6.901429909662215e-16,
6.955227150432049e-16,
6.967777661036921e-16,
6.914132943833465e-16,
6.914808405341712e-16,
6.900819815396701e-16,
6.883192448939512e-16,
6.91690015710919e-16,
6.855193479968578e-16,
6.610066319717203e-16,
6.611025039277296e-16,
6.715569049489396e-16,
6.576402189709347e-16,
6.599302513747054e-16,
6.820505263157894e-16,
6.892125972113119e-16,
6.878464218381776e-16,
6.854648752945797e-16,
6.878725687352711e-16,
6.913718951296152e-16,
6.768385781618225e-16,
6.616973458366064e-16,
6.586555901413982e-16,
6.560409004320502e-16,
6.47837311468971e-16,
6.603573173605655e-16,
6.743371916732129e-16,
6.788148478004714e-16,
6.784967272191674e-16,
6.678309721131186e-16,
6.480900648075412e-16,
6.556922751374704e-16,
6.631593931657502e-16,
6.564679664179105e-16,
6.574332227022781e-16,
6.642837097407699e-16,
6.528052219167322e-16,
6.366987333071486e-16,
6.549361940298508e-16,
6.491555508641005e-16,
6.53827129811469e-16,
6.508986773369992e-16,
6.415598772584445e-16,
6.50223215828751e-16,
6.370190327965435e-16,
6.334478024351924e-16,
6.38243579143755e-16,
6.376487372348783e-16,
6.45826179300864e-16,
6.586229065200314e-16,
6.64163869795758e-16,
6.605098409269442e-16,
6.696503603692066e-16,
6.6729060290652e-16,
6.569298949332286e-16,
6.650354330322074e-16,
6.657697250589159e-16,
6.533848114689709e-16,
6.411851050667713e-16,
6.362869196779261e-16,
6.453119569913589e-16,
6.579496239198742e-16,
6.701929084838962e-16,
6.699270816967793e-16,
6.668700736449331e-16,
6.788627837784761e-16,
6.64569146700707e-16,
6.312274950903377e-16,
6.230783788295365e-16,
6.305738226630008e-16,
6.454710172820109e-16,
6.47131345247447e-16,
6.487480950510604e-16,
6.59374629811469e-16,
6.580258857030635e-16,
6.486979801649646e-16,
6.475104752553025e-16,
6.574876954045561e-16,
6.672753505498822e-16,
6.68846343283582e-16,
6.561694560094265e-16,
6.511383572270227e-16,
6.635581333464258e-16,
6.765269943047918e-16,
6.59849631775334e-16,
6.446582845640219e-16,
6.578581097800471e-16,
6.505674833071484e-16,
6.341167272191672e-16,
6.403614778083267e-16,
6.527899695600942e-16,
6.564178515318147e-16,
6.724720463472113e-16,
6.615840426158679e-16,
6.386837185781618e-16,
6.624272800471328e-16,
6.759016476826394e-16,
6.6748452572663e-16,
6.639982727808328e-16,
6.581696936370777e-16,
6.560256480754125e-16,
6.553262185781619e-16,
6.435513992537314e-16,
6.508964984289081e-16,
6.738404006284367e-16,
6.771893823644933e-16,
6.742108150039279e-16,
6.657610094265515e-16,
6.490792890809112e-16,
6.359818725451689e-16,
6.327461940298506e-16,
6.330163786331499e-16,
6.332800265121761e-16,
6.455777837784759e-16,
6.62379344069128e-16,
6.582415976040849e-16,
6.549144049489395e-16,
6.528989149646505e-16,
6.432463521209741e-16,
6.503953495679497e-16,
6.6339035742340935e-16,
6.670879644540455e-16,
6.614467714061272e-16,
6.516569373527101e-16,
6.493625471327571e-16,
6.545766741948154e-16,
6.337506706598586e-16,
6.302382708169678e-16,
6.46194414768264e-16,
6.494758503534957e-16,
6.631005626472899e-16,
6.745223988609583e-16,
6.67536819520817e-16,
6.56884137863315e-16,
6.540471995286723e-16,
6.471640288688138e-16,
6.469330646111549e-16,
6.502798674391202e-16,
6.455298478004713e-16,
6.440612637470542e-16,
6.420610261194029e-16,
6.453424617046347e-16,
6.460222810290652e-16,
6.418278829536528e-16,
6.391870463472113e-16,
6.394768411233307e-16,
6.409345306362922e-16,
6.503822761194029e-16,
6.531516683032207e-16,
6.438716987431265e-16,
6.481968313040062e-16,
6.548926158680283e-16,
6.525851521995287e-16,
6.478634583660645e-16,
6.41864924391202e-16,
6.323409171249017e-16,
6.282598222702278e-16,
6.486718332678712e-16,
6.666739719167321e-16,
6.627802631578947e-16,
6.552564935192458e-16,
6.439130979968577e-16,
6.397186999214453e-16,
6.367161645718774e-16,
6.347420738413196e-16,
6.442355763943441e-16,
6.492318126472898e-16,
6.35877284956795e-16,
6.302034082875098e-16,
6.348117989002356e-16,
6.226120924980361e-16,
6.254207050274942e-16,
6.266191044776119e-16,
6.092423124509034e-16,
5.984872221131185e-16,
6.148835054988216e-16,
6.088915082482325e-16,
5.995156667321288e-16,
6.039127032600157e-16,
6.052135113904163e-16,
5.944497054202671e-16,
5.963627867242734e-16,
6.146699725058915e-16,
6.18247739591516e-16,
5.981059131971719e-16,
5.952580803220737e-16,
6.13565266103692e-16,
6.324585781618224e-16,
6.253509799685782e-16,
6.190822613904164e-16,
6.201913256087982e-16,
6.105060791437549e-16,
6.084884102513747e-16,
6.049193587981147e-16,
5.97258317949725e-16,
6.004547761194029e-16,
6.112251188138257e-16,
6.138027670856245e-16,
6.064729202670857e-16,
6.010561547525531e-16,
6.02910405538099e-16,
6.062463138256088e-16,
6.064598468185389e-16,
6.162213550667714e-16,
6.272357354673998e-16,
6.11833034171249e-16,
5.964608375883738e-16,
5.906409740769835e-16,
5.951665661822466e-16,
5.950271160644147e-16,
5.6202537411626075e-16,
5.598072456794973e-16,
5.797442547132757e-16,
5.876253652788688e-16,
5.879979585624509e-16,
5.854900353495679e-16,
5.821192645326001e-16,
5.8646836508248235e-16,
5.976243745090338e-16,
6.020606313825608e-16,
5.965763197172035e-16,
5.964172594265515e-16,
5.845661783189316e-16,
5.846359033778476e-16,
5.938003908091124e-16,
5.88263785349568e-16,
5.842306264728986e-16,
5.773561714454045e-16,
5.927719461901022e-16,
5.9534305773762775e-16,
5.86163317949725e-16,
5.83228328750982e-16,
5.810864620974077e-16,
5.729765661822466e-16,
5.7635823153967e-16,
5.888913108798115e-16,
5.974086626080125e-16,
5.96092602120974e-16,
5.924058896307933e-16,
5.864422181853888e-16,
5.846903760801257e-16,
5.945150726630008e-16,
5.944998203063629e-16,
5.854399204634721e-16,
5.8738786429693645e-16,
5.955042969363707e-16,
6.014200324037706e-16,
6.054314021995286e-16,
6.009167046347212e-16,
5.906954467792615e-16,
5.966329713275727e-16,
6.157964679890024e-16,
6.261114188923801e-16,
6.21762318342498e-16,
6.185222820109976e-16,
6.320140809112334e-16,
6.303929732914376e-16,
6.189776738020425e-16,
6.083446023173605e-16,
6.013873487824038e-16,
6.089132973291438e-16,
6.228692036527886e-16,
6.220651865671641e-16,
6.174764061272585e-16,
6.167551875490967e-16,
6.0688037608012575e-16,
6.078870316182246e-16,
6.200170129615083e-16,
6.238627857423409e-16,
6.224377798507463e-16,
6.353848517282012e-16,
6.416535703063629e-16,
6.304321936370777e-16,
6.298264571877455e-16,
6.348444825216025e-16,
6.256603849175176e-16,
6.3460698153967e-16,
6.451485388845248e-16,
6.424379772191673e-16,
6.431984161429694e-16,
6.323387382168108e-16,
6.338443637077769e-16,
6.279983532992929e-16,
6.248345787509819e-16,
6.337092714061272e-16,
6.326546798900236e-16,
6.339620247446976e-16,
6.344740681461116e-16,
6.385203004713275e-16,
6.417189375490966e-16,
6.467761832285939e-16,
6.425992164179103e-16,
6.294015701099764e-16,
6.261528181461116e-16,
6.278283984681854e-16,
6.334521602513747e-16,
6.378426600549882e-16,
6.317656853888452e-16,
6.235620964257659e-16,
6.294015701099764e-16,
6.370517164179104e-16,
6.306174008248233e-16,
6.281922761194029e-16,
6.358271700706992e-16,
6.401849862529458e-16,
6.349403544776119e-16,
6.369079084838963e-16,
6.483776806755697e-16,
6.469069177140612e-16,
6.396925530243519e-16,
6.32325664768264e-16,
6.356593941476826e-16,
6.3994094854674e-16,
6.484169010212097e-16,
6.490771101728201e-16,
6.353739571877454e-16,
6.388580312254517e-16,
6.429674518853103e-16,
6.40030283778476e-16,
6.406403780439905e-16,
6.474865072663002e-16,
6.508507413589944e-16,
6.527899695600942e-16,
6.58509603299293e-16,
6.583592586410055e-16,
6.482186203849175e-16,
6.402481745875883e-16,
6.469396013354281e-16,
6.527137077769049e-16,
6.528248320895523e-16,
6.511819353888451e-16,
6.458741152788688e-16,
6.47183639041634e-16,
6.556138344461901e-16,
6.482665563629223e-16,
6.416710015710919e-16,
6.422222653181461e-16,
6.432027739591517e-16,
6.472141437549096e-16,
6.476412097407698e-16,
6.559210604870385e-16,
6.689334996072269e-16,
6.530710487038491e-16,
6.304561616260803e-16,
6.384592910447761e-16,
6.589192380204241e-16,
6.556290868028279e-16,
6.510163383739199e-16,
6.500794078947368e-16,
6.680161793008641e-16,
6.675084937156323e-16,
6.556726649646505e-16,
6.562021396307934e-16,
6.604858729379419e-16,
6.562958326787117e-16,
6.606427543205027e-16,
6.677198478004713e-16,
6.610284210526315e-16,
6.546180734485467e-16,
6.536114179104478e-16,
6.602636243126473e-16,
6.726834004320502e-16,
6.718815622545168e-16,
6.587993980754124e-16,
6.481074960722703e-16,
6.463055390809112e-16,
6.473579516889239e-16,
6.53685500785546e-16,
6.604270424194815e-16,
6.506393872741555e-16,
6.473230891594658e-16,
6.505653043990574e-16,
6.579060457580517e-16,
6.429565573448548e-16,
6.47802448939513e-16,
6.402220276904948e-16,
6.135173301256873e-16,
6.158640141398271e-16,
6.307786400235663e-16,
6.237473036135114e-16,
6.276671592694422e-16,
6.34657096425766e-16,
6.322973389630792e-16,
6.226948910054987e-16,
6.214768813825608e-16,
6.242833150039277e-16,
6.1458935290652e-16,
6.128745522388059e-16,
6.2348583464257665e-16,
6.292141840141399e-16,
6.290071877454832e-16,
6.323452749410841e-16,
6.34888060683425e-16,
6.426493313040062e-16,
6.528357266300079e-16,
6.787124391201885e-16,
7.241317782796543e-16,
7.403014552238806e-16,
7.281039277297721e-16,
7.074413423016497e-16,
6.991353446582875e-16,
6.691513904163394e-16,
6.349512490180675e-16,
6.307829978397485e-16,
6.34251819520817e-16,
6.212088756873527e-16,
6.056819766300079e-16,
6.112992016889238e-16,
6.222874351924589e-16,
6.180451011390416e-16,
6.103077985074627e-16,
6.106389925373135e-16,
6.080046926551453e-16,
6.122404899842891e-16,
6.201847888845248e-16,
6.296870070699137e-16,
6.297981313825608e-16,
6.147200873919873e-16,
6.116674371563236e-16,
6.235926011390417e-16,
6.204135742340927e-16,
6.1634337391987425e-16,
6.188316869599371e-16,
6.058214267478398e-16,
5.893074823252161e-16,
5.910135673605655e-16,
6.0551202179890015e-16,
6.086300392772978e-16,
6.060349597407699e-16,
6.091442615868028e-16,
6.04307085624509e-16,
6.196487774941083e-16,
6.115802808326788e-16,
6.01372096425766e-16,
6.157441741948154e-16,
6.351691398271799e-16,
6.337811753731344e-16,
6.190277886881382e-16,
6.255013246268657e-16,
6.246624450117831e-16,
6.239216162608012e-16,
6.279482384131972e-16,
6.302295551846033e-16,
6.19448317949725e-16,
6.089808434799686e-16,
6.094449509033779e-16,
6.178882197564808e-16,
6.273141761586803e-16,
6.315347211311861e-16,
6.304452670856244e-16,
6.142102228986646e-16,
6.21178370974077e-16,
6.302578809897878e-16,
6.327047947761194e-16,
6.403244363707777e-16,
6.368643303220738e-16,
6.286629202670857e-16,
6.34110190494894e-16,
6.349904693637078e-16,
6.402590691280439e-16,
6.428890111940298e-16,
6.26037336017282e-16,
6.211674764336213e-16,
6.22786405145326e-16,
6.100572240769835e-16,
6.113994314611154e-16,
6.228060153181461e-16,
6.257104998036134e-16,
6.241547594265515e-16,
6.225096838177534e-16,
6.260525883739198e-16,
6.393025284760408e-16,
6.493538315003928e-16,
6.498419069128044e-16,
6.408822368421054e-16,
6.33563284564022e-16,
6.356724675962295e-16,
6.322995178711704e-16,
6.337463128436764e-16,
6.366333660644147e-16,
6.346832433228594e-16,
6.287500765907305e-16,
6.237778083267871e-16,
6.306086851924586e-16,
6.32626354084839e-16,
6.313037568735271e-16,
6.234117517674783e-16,
6.25048111743912e-16,
6.300138432835822e-16,
6.337833542812254e-16,
6.35842422427337e-16,
6.3939622152395925e-16,
6.470115053024351e-16,
6.444011734092694e-16,
6.274819520816969e-16,
6.250045335820895e-16,
6.376138747054202e-16,
6.481488953260015e-16,
6.611155773762764e-16,
6.716789238020424e-16,
6.697680214061272e-16,
6.576423978790259e-16,
6.479375412411627e-16,
6.55099612136685e-16,
6.568645276904949e-16,
6.490400687352711e-16,
6.305040976040848e-16,
6.221000490966221e-16,
6.21991103692066e-16,
6.216533729379419e-16,
6.17628929693637e-16,
6.099090583267871e-16,
6.029757727808327e-16,
6.053398880597015e-16,
6.129246671249017e-16,
6.237690926944227e-16,
6.339053731343283e-16,
6.289222103299293e-16,
6.282663589945012e-16,
6.344087009033779e-16,
6.237887028672427e-16,
6.157049538491751e-16,
6.183131068342498e-16,
6.037754320502749e-16,
5.931423605655932e-16,
5.981037342890809e-16,
5.99696516103692e-16,
6.034834583660644e-16,
6.105365838570307e-16,
6.118047083660644e-16,
6.089024027886881e-16,
6.172454418695995e-16,
6.177465907305577e-16,
6.053791084053418e-16,
5.97153730361351e-16,
6.082596249018068e-16,
6.098981637863316e-16,
6.037667164179105e-16,
6.113950736449332e-16,
6.173042723880597e-16,
6.171364964650432e-16,
6.140424469756482e-16,
6.055272741555381e-16,
6.0630296543597805e-16,
6.15844403967007e-16,
6.290573026315788e-16,
6.326742900628436e-16,
6.303493951296151e-16,
6.510926001571093e-16,
6.78701544579733e-16,
6.962657227022781e-16,
7.046697712097407e-16,
7.019483150039277e-16,
6.994730754124116e-16,
6.835452572663002e-16,
6.627628318931658e-16,
6.433814444226237e-16,
6.205486665357423e-16,
6.062615661822467e-16,
5.928939650432051e-16,
5.85315722702278e-16,
6.023329948939512e-16,
6.05915119795758e-16,
5.998316084053416e-16,
5.9558055871956e-16,
6.017076482717988e-16,
6.058737205420267e-16,
5.870806382560879e-16,
5.919984338177533e-16,
6.091159357816181e-16,
5.947634681853889e-16,
5.906279006284368e-16,
5.996050019638649e-16,
6.009624617046348e-16,
6.001235820895522e-16,
6.055142007069913e-16,
6.149924509033778e-16,
6.093098586017282e-16,
6.080395551846032e-16,
5.970556794972505e-16,
5.83335095247447e-16,
5.929092173998429e-16,
5.913600137470542e-16,
5.838536753731344e-16,
5.808947181853889e-16,
5.833917468578162e-16,
5.851174420659859e-16,
5.867690543990573e-16,
5.921226315789474e-16,
5.955696641791044e-16,
5.942666771406126e-16,
5.96903155930872e-16,
5.985547682639434e-16,
5.958442065985861e-16,
5.947525736449332e-16,
5.956873252160251e-16,
5.953408788295365e-16,
5.833743155930873e-16,
5.782190190494894e-16,
5.795525108012568e-16,
5.867799489395129e-16,
5.973432953652787e-16,
6.048844962686568e-16,
6.045119029850746e-16,
5.98158206991359e-16,
5.898020944619011e-16,
5.864705439905733e-16,
5.908283601728202e-16,
5.979468529065201e-16,
6.046622476433621e-16,
6.046404585624509e-16,
6.013176237234879e-16,
5.922054300864101e-16,
5.855336135113904e-16,
5.854224891987431e-16,
5.848712254516889e-16,
5.854464571877454e-16,
5.927697672820109e-16,
5.975132501963865e-16,
5.976853839355853e-16,
5.929135752160251e-16,
5.89061265710919e-16,
5.844768430871956e-16,
5.914558857030636e-16,
5.937263079340142e-16,
5.879173389630793e-16,
5.924124263550668e-16,
5.853396906912804e-16,
5.875077042419482e-16,
5.912902886881384e-16,
5.862613688138257e-16,
5.96321387470542e-16,
5.890590868028279e-16,
5.803238442655145e-16,
5.890808758837392e-16,
5.862940524351925e-16,
5.840584927337e-16,
5.871089640612726e-16,
5.905472810290654e-16,
5.908436125294579e-16,
5.878802975255302e-16,
5.975350392772977e-16,
6.097478191280439e-16,
6.035771514139827e-16,
5.900047329143754e-16,
5.835181235271012e-16,
5.834701875490966e-16,
5.826966751767478e-16,
5.796876031029066e-16,
5.802693715632364e-16,
5.810515995679497e-16,
5.81853437745483e-16,
5.927610516496465e-16,
6.016444599371564e-16,
6.089263707776904e-16,
5.975481127258444e-16,
5.859171013354281e-16,
5.89712759230165e-16,
5.872418774548311e-16,
5.880219265514532e-16,
5.788509023959151e-16,
5.842654890023567e-16,
5.976004065200313e-16,
5.920398330714846e-16,
5.875948605655931e-16,
5.877866044776119e-16,
5.942666771406126e-16,
6.011389532600156e-16,
5.957309033778476e-16,
5.90863222702278e-16,
5.96160148271799e-16,
5.97310611743912e-16,
5.935890367242734e-16,
5.895340887666929e-16,
5.878977287902592e-16,
5.8867124116260795e-16,
5.892595463472112e-16,
5.854442782796543e-16,
5.8370986743912015e-16,
5.836902572663001e-16,
5.815483906127258e-16,
5.848625098193244e-16,
5.876122918303222e-16,
5.886036950117831e-16,
5.895929192851531e-16,
5.905821435585233e-16,
5.973084328358209e-16,
5.841717959544383e-16,
5.771666064414768e-16,
5.75985638256088e-16,
5.807857727808326e-16,
5.760183218774548e-16,
5.729918185388845e-16,
5.735474401021209e-16,
5.663831902985075e-16,
5.777875952474469e-16,
5.81249880204242e-16,
5.71762914375491e-16,
5.673026895129615e-16,
5.664245895522388e-16,
5.685294147682639e-16,
5.82663991555381e-16,
5.790644353888452e-16,
5.641890298507462e-16,
5.734406736056559e-16,
5.794675333857031e-16,
5.72043993519246e-16,
5.66215414375491e-16,
5.616658542812255e-16,
5.576174430479183e-16,
5.662284878240376e-16,
5.774455066771406e-16,
5.704446749803613e-16,
5.706821759622938e-16,
5.745693479968578e-16,
5.711571779261585e-16,
5.685119835035349e-16,
5.678713845247448e-16,
5.629797358601728e-16,
5.556302788688139e-16,
5.543774067164179e-16,
5.531245345640221e-16,
5.51871662411626e-16,
5.506187902592301e-16,
5.493637391987431e-16,
5.481108670463473e-16,
5.468601738020424e-16,
5.602757109190888e-16,
5.391664493322859e-16,
5.524621465043205e-16,
5.512615681461116e-16,
5.572513864886095e-16,
5.61177778868814e-16,
5.526364591516105e-16,
5.601580498821682e-16,
5.564974842890809e-16,
5.471630420267085e-16,
5.45934137863315e-16,
5.462043224666142e-16,
5.516668450510605e-16,
5.534208660644148e-16,
5.621735398664572e-16,
5.652719471720345e-16,
5.696297633542812e-16,
5.687560212097407e-16,
5.537934593479968e-16,
5.507103043990573e-16,
5.547826836213668e-16,
5.553993146111546e-16,
5.626093214846818e-16,
5.659495875883739e-16,
5.642696494501178e-16,
5.605698635113905e-16,
5.715711704634721e-16,
5.853810899450117e-16,
5.795154693637077e-16,
5.762601806755695e-16,
5.733317282010998e-16,
5.643720581304006e-16,
5.686427179890023e-16,
5.649603633150039e-16,
5.522878338570306e-16,
5.606395885703064e-16,
5.633043931657503e-16,
5.549875009819324e-16,
5.52366274548311e-16,
5.444829850746269e-16,
5.438380282796544e-16,
5.47947448939513e-16,
5.541965573448547e-16,
5.613368391594659e-16,
5.686034976433621e-16,
5.611690632364494e-16,
5.55597595247447e-16,
5.643154065200315e-16,
5.613259446190102e-16,
5.539111203849174e-16,
5.588942831893165e-16,
5.698890534171248e-16,
5.755171730164966e-16,
5.690828574234092e-16,
5.554211036920659e-16,
5.487209613118618e-16,
5.503420689316575e-16,
5.516406981539669e-16,
5.528674234092694e-16,
5.544710997643362e-16,
5.543294707384132e-16,
5.54081075216025e-16,
5.489715357423409e-16,
5.496055979968578e-16,
5.524316417910449e-16,
5.460561567164179e-16,
5.517191388452474e-16,
5.549417439120188e-16,
5.547347476433621e-16,
5.553274106441476e-16,
5.553535575412412e-16,
5.524381785153181e-16,
5.471412529457974e-16,
5.505577808326786e-16,
5.537128397486253e-16,
5.471717576590731e-16,
5.423781598586017e-16,
5.481740553809898e-16,
5.421580901413983e-16,
5.380181647682639e-16,
5.478755449725059e-16,
5.538631844069128e-16,
5.525471239198743e-16,
5.485619010212098e-16,
5.488386223487824e-16,
5.467098291437549e-16,
5.426025873919874e-16,
5.441300019638649e-16,
5.457881510212097e-16,
5.402667979183032e-16,
5.429904330322074e-16,
5.449274823252161e-16,
5.429708228593873e-16,
5.418704742733699e-16,
5.456661321681069e-16,
5.462370060879811e-16,
5.371553171641791e-16,
5.251909328358209e-16,
5.315685968185389e-16,
5.332921131186175e-16,
5.27825232717989e-16,
5.27842663982718e-16,
5.212383935585232e-16,
5.220859888059702e-16,
5.149021288295366e-16,
5.101019943047919e-16,
5.222690170856245e-16,
5.308778829536528e-16,
5.409073968970935e-16,
5.366214846818539e-16,
5.185648733307149e-16,
5.243738423016496e-16,
5.247355410447761e-16,
5.349175785545955e-16,
5.451584465828751e-16,
5.290955361351139e-16,
5.196935477219168e-16,
5.325556421838177e-16,
5.3709866555381e-16,
5.434349302827965e-16,
5.420949018067555e-16,
5.364667822073841e-16,
5.354034750589159e-16,
5.349546199921445e-16,
5.388766545561665e-16,
5.42487105263158e-16,
5.394562441084053e-16,
5.343597780832679e-16,
5.340264051453259e-16,
5.370354772191675e-16,
5.334489945011783e-16,
5.29097715043205e-16,
5.374320384917518e-16,
5.392231009426551e-16,
5.340765200314218e-16,
5.341004880204242e-16,
5.347563393558523e-16,
5.362619648468186e-16,
5.337997987038491e-16,
5.271170875883739e-16,
5.334250265121759e-16,
5.413453574234093e-16,
5.487536449332286e-16,
5.421951315789473e-16,
5.285573458366066e-16,
5.344207875098194e-16,
5.328628682246661e-16,
5.354753790259231e-16,
5.412756323644933e-16,
5.462609740769834e-16,
5.505403495679498e-16,
5.426941015318147e-16,
5.334250265121759e-16,
5.280235133542812e-16,
5.284200746268657e-16,
5.295422122937941e-16,
5.254698330714847e-16,
5.315729546347211e-16,
5.397765435978004e-16,
5.369221739984288e-16,
5.331199793794187e-16,
5.344447554988216e-16,
5.298646906912806e-16,
5.245176502356637e-16,
5.250275147289867e-16,
5.331940622545168e-16,
5.325033483896308e-16,
5.308800618617438e-16,
5.354688423016496e-16,
5.400837696386489e-16,
5.424522427337e-16,
5.389420217989001e-16,
5.338390190494894e-16,
5.348761793008641e-16,
5.327735329929301e-16,
5.291042517674783e-16,
5.304595326001571e-16,
5.335100039277297e-16,
5.373078407305578e-16,
5.402188619402985e-16,
5.306490976040848e-16,
5.280147977219166e-16,
5.360179271406128e-16,
5.378002739591517e-16,
5.374102494108406e-16,
5.339675746268657e-16,
5.25918688138256e-16,
5.323377513747053e-16,
5.354100117831893e-16,
5.402057884917517e-16,
5.368328387666929e-16,
5.342464748625295e-16,
5.31341990377062e-16,
5.448359681853888e-16,
5.524948301256874e-16,
5.505163815789474e-16,
5.474985938727416e-16,
5.425328623330715e-16,
5.369156372741555e-16,
5.446638344461901e-16,
5.443369982325216e-16,
5.372555469363707e-16,
5.313202012961509e-16,
5.307732953652788e-16,
5.370964866457187e-16,
5.3699407796543605e-16,
5.274417448939513e-16,
5.232669569913589e-16,
5.27191170463472e-16,
5.285072309505106e-16,
5.243520532207384e-16,
5.312940543990575e-16,
5.361443038098979e-16,
5.365975166928515e-16,
5.397198919874313e-16,
5.39839731932443e-16,
5.33991542615868e-16,
5.345493430871956e-16,
5.379462608012568e-16,
5.394300972113118e-16,
5.361334092694422e-16,
5.357433847211312e-16,
5.276008051846032e-16,
5.180811557344853e-16,
5.243869157501963e-16,
5.32825826787117e-16,
5.307493273762765e-16,
5.340024371563236e-16,
5.439360791437548e-16,
5.465485899450118e-16,
5.288972554988216e-16,
5.15653852120974e-16,
5.25105955420267e-16,
5.267749990180675e-16,
5.212405724666142e-16,
5.2201408483896305e-16,
5.291238619402986e-16,
5.308582727808326e-16,
5.229466575019639e-16,
5.198635025530243e-16,
5.308582727808326e-16,
5.352574882168106e-16,
5.253020571484681e-16,
5.176584475648075e-16,
5.137342340926944e-16,
5.098252729772191e-16,
5.132025805184603e-16,
5.071277847604085e-16,
5.10086741948154e-16,
5.05759430479183e-16,
5.100431637863315e-16,
5.230861076197957e-16,
5.268730498821681e-16,
5.248793489787903e-16,
5.294964552238806e-16,
5.191684308719561e-16,
5.198286400235664e-16,
5.218942448939513e-16,
5.2445228299293e-16,
5.332725029457974e-16,
5.265069933228593e-16,
5.296533366064414e-16,
5.416983405341714e-16,
5.193253122545168e-16,
5.152267861351139e-16,
5.204932069913591e-16,
5.192250824823251e-16,
5.223953937549097e-16,
5.174035153181462e-16,
5.186193460329929e-16,
5.285943872741556e-16,
5.28515946582875e-16,
5.24169024941084e-16,
5.208200432050274e-16,
5.157344717203456e-16,
5.185517998821681e-16,
5.17416588766693e-16,
5.204670600942655e-16,
5.175320708955224e-16,
5.191945777690494e-16,
5.17773929693637e-16,
5.183818450510604e-16,
5.242169609190888e-16,
5.268686920659859e-16,
5.264590573448547e-16,
5.268512608012568e-16,
5.299954251767479e-16,
5.297753554595444e-16,
5.271606657501964e-16,
5.215390828750984e-16,
5.169350500785546e-16,
5.131633601728203e-16,
5.093350186567165e-16,
5.102937382168107e-16,
5.165058051846033e-16,
5.159044265514532e-16,
5.166125716810683e-16,
5.156080950510606e-16,
5.114899587588374e-16,
5.13882399842891e-16,
5.217482580518461e-16,
5.240339326394344e-16,
5.161767900628436e-16,
5.185801256873528e-16,
5.33655990769835e-16,
5.251429968578162e-16,
5.129432904556167e-16,
5.177804664179105e-16,
5.206762352710133e-16,
5.12845239591516e-16,
5.033473792223095e-16,
5.015519589552239e-16,
5.035543754909662e-16,
5.096160978004713e-16,
5.141613000785546e-16,
5.201467606048703e-16,
5.156582099371564e-16,
5.112807835820894e-16,
5.10688120581304e-16,
5.029072397879025e-16,
5.030140062843675e-16,
5.124334259622938e-16,
5.281324587588374e-16,
5.362706804791829e-16,
5.399530351531815e-16,
5.287142272191673e-16,
5.364340985860172e-16,
5.487797918303221e-16,
5.371771062450904e-16,
5.25476369795758e-16,
5.214127062058131e-16,
5.202448114689709e-16,
5.134705862136685e-16,
5.060492252553025e-16,
4.997129605263158e-16,
5.022099891987432e-16,
5.049401610369207e-16,
5.084939601335429e-16,
5.137952435192458e-16,
5.139390514532601e-16,
5.155383699921445e-16,
5.217787627651217e-16,
5.235240681461116e-16,
5.20316715435978e-16,
5.117601433621367e-16,
5.045871779261588e-16,
5.065046170463472e-16,
5.148672663000786e-16,
5.139085467399844e-16,
5.11252457776905e-16,
5.1059442753338565e-16,
5.114877798507462e-16,
5.179547790652004e-16,
5.17455809112333e-16,
5.147801099764336e-16,
5.167607374312647e-16,
5.144031588766692e-16,
5.154860761979575e-16,
5.171856245090337e-16,
5.140588913982717e-16,
5.157388295365279e-16,
5.124791830322073e-16,
5.0501642282011e-16,
5.010682413589945e-16,
5.010115897486253e-16,
5.107556667321288e-16,
5.198569658287509e-16,
5.261975883739199e-16,
5.28160784564022e-16,
5.227919550274941e-16,
5.217460791437548e-16,
5.198896494501177e-16,
5.183099410840534e-16,
5.225566329536528e-16,
5.178000765907305e-16,
5.158499538491751e-16,
5.207721072270228e-16,
5.185234740769835e-16,
5.132396219560094e-16,
5.107491300078554e-16,
5.10725162018853e-16,
5.120630115868029e-16,
5.118886989395129e-16,
5.13039162411626e-16,
5.149609593479968e-16,
5.195802445011783e-16,
5.236656971720346e-16,
5.151134829143756e-16,
5.149958218774549e-16,
5.277860123723489e-16,
5.202666005498822e-16,
5.074633366064415e-16,
5.106445424194815e-16,
5.151592399842891e-16,
5.1393033582089555e-16,
5.195649921445406e-16,
5.30141412018853e-16,
5.343968195208169e-16,
5.279537882953652e-16,
5.213538756873526e-16,
5.176540897486253e-16,
5.149369913589945e-16,
5.097642635506677e-16,
5.0819762863315e-16,
5.137952435192458e-16,
5.100148379811469e-16,
5.099756176355067e-16,
5.145012097407698e-16,
5.079928112725844e-16,
5.05615622545169e-16,
5.103177062058129e-16,
5.177042046347212e-16,
5.241494147682639e-16,
5.171224361743914e-16,
5.079405174783975e-16,
5.076398281618225e-16,
5.105573860958366e-16,
5.073827170070699e-16,
5.014648026315789e-16,
5.022492095443833e-16,
5.0817801846032985e-16,
5.119192036527887e-16,
5.165406677140612e-16,
5.156582099371564e-16,
5.104636930479183e-16,
5.168304624901806e-16,
5.117252808326788e-16,
5.104833032207384e-16,
5.060361518067557e-16,
5.015933582089551e-16,
5.106772260408485e-16,
5.203297888845248e-16,
5.25759627847604e-16,
5.257487333071485e-16,
5.219269285153182e-16,
5.146406598586016e-16,
5.17453630204242e-16,
5.17664984289081e-16,
5.119497083660646e-16,
5.054957826001571e-16,
5.024169854673997e-16,
5.016521887274156e-16,
5.013122790652003e-16,
5.036829310683425e-16,
5.083348998428907e-16,
5.126578534956795e-16,
5.046830498821681e-16,
5.02841872545169e-16,
5.069120728593873e-16,
5.107818136292223e-16,
5.096378868813826e-16,
5.0321664473684205e-16,
5.023581549489395e-16,
5.058139031814611e-16,
5.072454457973292e-16,
5.039487578554596e-16,
5.096574970542026e-16,
5.217242900628437e-16,
5.240971209740771e-16,
5.178959485467401e-16,
5.15882637470542e-16,
5.191161370777691e-16,
5.212950451688924e-16,
5.223322054202671e-16,
5.187195758051846e-16,
5.155950216025139e-16,
5.156647466614297e-16,
5.126513167714061e-16,
5.135512058130401e-16,
5.167367694422623e-16,
5.101782560879811e-16,
5.073064552238806e-16,
5.130609514925373e-16,
5.19201114493323e-16,
5.171507619795757e-16,
5.099843332678713e-16,
5.032297181853889e-16,
5.026697388059702e-16,
5.065089748625296e-16,
5.096030243519246e-16,
5.08459097604085e-16,
5.115182845640219e-16,
5.084852445011784e-16,
5.083436154752553e-16,
5.078511822466614e-16,
5.082412067949724e-16,
5.147735732521603e-16,
5.180702611940297e-16,
5.18320835624509e-16,
5.177303515318146e-16,
5.151788501571091e-16,
5.128844599371563e-16,
5.092522201492537e-16,
5.060688354281227e-16,
5.024169854673997e-16,
5.024714581696779e-16,
5.0761586017282e-16,
5.109583051846033e-16,
5.113461508248232e-16,
5.082107020816967e-16,
5.091389169285154e-16,
5.093175873919875e-16,
5.070014080911234e-16,
5.06763907109191e-16,
5.090757285938727e-16,
5.094592164179105e-16,
5.046307560879813e-16,
5.042015111940297e-16,
5.058858071484682e-16,
5.046242193637078e-16,
5.042254791830321e-16,
5.041034603299293e-16,
5.006716800864101e-16,
5.01785102120974e-16,
5.109909888059702e-16,
5.090430449725059e-16,
4.952374833071485e-16,
4.837372064021995e-16,
4.803969402985074e-16,
4.80405655930872e-16,
4.709753417124902e-16,
4.723110123723488e-16,
4.857592331107619e-16,
4.8890993421052635e-16,
4.877507551060486e-16,
4.8210956205813035e-16,
4.752351070306363e-16,
4.804121926551453e-16,
4.81501646700707e-16,
4.74328681264729e-16,
4.828024548311076e-16,
4.95228767674784e-16,
4.911433150039278e-16,
4.904133807934013e-16,
4.945293381775334e-16,
4.950021612333072e-16,
4.888663560487039e-16,
4.780872977219167e-16,
4.708642173998428e-16,
4.610591309897878e-16,
4.638829958758837e-16,
4.6994689709348e-16,
4.771547250589159e-16,
4.887225481146897e-16,
4.828525697172035e-16,
4.768692880989788e-16,
4.792007197564808e-16,
4.79806456205813e-16,
4.785296160644147e-16,
4.774183729379418e-16,
4.772418813825608e-16,
4.770174538491752e-16,
4.762722672820109e-16,
4.792116142969364e-16,
4.801855862136684e-16,
4.805429271406128e-16,
4.914592566771405e-16,
4.942787637470542e-16,
4.780611508248232e-16,
4.72350232717989e-16,
4.872212804399057e-16,
4.93426810683425e-16,
4.89700877847604e-16,
4.905048949332286e-16,
4.79577670856245e-16,
4.633186586802829e-16,
4.679793430871956e-16,
4.830791761586803e-16,
4.89644226237235e-16,
4.76307129811469e-16,
4.651576571091909e-16,
4.661643126472899e-16,
4.679837009033779e-16,
4.760870600942656e-16,
4.85918293401414e-16,
4.890537421445404e-16,
4.856851502356638e-16,
4.762069000392773e-16,
4.752067812254517e-16,
4.888598193244305e-16,
4.901519118224665e-16,
4.831881215632365e-16,
4.8625820306362925e-16,
4.914875824823252e-16,
4.945903476040849e-16,
4.965426492537314e-16,
4.963029693637078e-16,
4.960632894736842e-16,
4.958236095836607e-16,
4.95583929693637e-16,
4.953442498036136e-16,
4.951045699135899e-16,
4.948648900235664e-16,
4.946252101335429e-16,
5.019354467792614e-16,
5.006520699135899e-16,
5.010747780832679e-16,
4.944312873134328e-16,
4.948125962293794e-16,
4.969174214454046e-16,
4.882410094265515e-16,
4.872147437156324e-16,
4.948823212882954e-16,
4.949171838177533e-16,
4.879424990180675e-16,
4.924942380204242e-16,
4.931566260801257e-16,
4.90051682050275e-16,
4.942918371956008e-16,
4.962092763157895e-16,
4.967387509819325e-16,
5.007631942262373e-16,
4.935422928122546e-16,
4.889426178318933e-16,
4.911607462686567e-16,
4.872387117046348e-16,
4.855413423016496e-16,
4.802640269049489e-16,
4.79416431657502e-16,
4.963552631578947e-16,
4.985908228593873e-16,
4.866351541633934e-16,
4.9430926846033e-16,
5.089101315789474e-16,
5.033452003142183e-16,
4.924332285938729e-16,
4.882410094265515e-16,
4.914745090337786e-16,
4.879098153967007e-16,
4.873389414768263e-16,
5.051362627651218e-16,
5.088099018067556e-16,
4.992706421838177e-16,
4.966690259230165e-16,
5.08459097604085e-16,
5.010028741162609e-16,
4.892476649646505e-16,
4.925922888845247e-16,
4.965099656323645e-16,
5.026348762765122e-16,
5.070515229772192e-16,
4.999896818538885e-16,
4.897030567556952e-16,
4.90814299882168e-16,
4.869837794579733e-16,
4.723349803613512e-16,
4.668746366849961e-16,
4.605035094265514e-16,
4.659115593087196e-16,
4.7945783091123325e-16,
4.785579418695994e-16,
4.708838275726629e-16,
4.715985094265515e-16,
4.89504776119403e-16,
4.985603181461115e-16,
4.95283240377062e-16,
4.936185545954438e-16,
4.931457315396701e-16,
4.883826384524744e-16,
4.898664748625295e-16,
4.889883749018067e-16,
4.948147751374705e-16,
4.981071052631578e-16,
4.950827808326787e-16,
4.950065190494894e-16,
4.925596052631578e-16,
4.890733523173606e-16,
4.8394856048703855e-16,
4.792987706205813e-16,
4.844126679104478e-16,
4.860010919088767e-16,
4.909602867242734e-16,
5.027154958758837e-16,
5.03691646700707e-16,
5.005583768656716e-16,
4.985951806755695e-16,
5.040555243519246e-16,
4.987651355066771e-16,
4.898316123330714e-16,
4.916945787509819e-16,
4.975710938727415e-16,
5.032863697957579e-16,
5.08215059897879e-16,
5.036524263550668e-16,
4.987520620581303e-16,
4.993948399450118e-16,
4.974272859387273e-16,
5.013101001571091e-16,
5.00353559505106e-16,
4.938408032207383e-16,
4.888031677140612e-16,
4.92740454634721e-16,
5.000942694422624e-16,
5.022884298900235e-16,
5.049597712097408e-16,
5.016238629222309e-16,
4.999373880597014e-16,
5.048878672427336e-16,
4.979829075019638e-16,
4.997892223095052e-16,
4.9952775333857025e-16,
5.008982865278868e-16,
4.962332443047919e-16,
4.916597162215239e-16,
4.89045026512176e-16,
4.92845042223095e-16,
4.978478152003143e-16,
4.963465475255302e-16,
4.938277297721919e-16,
4.917795561665357e-16,
4.970873762765122e-16,
4.974948320895522e-16,
4.998328004713276e-16,
5.058139031814611e-16,
4.996693823644933e-16,
4.877442183817754e-16,
4.928319687745484e-16,
5.059141329536527e-16,
5.025847613904164e-16,
4.947799126080126e-16,
4.957342743519246e-16,
4.9179698743126465e-16,
4.817544000392773e-16,
4.762330469363708e-16,
4.7806768754909665e-16,
4.801768705813039e-16,
4.816323811861743e-16,
4.866024705420267e-16,
4.900582187745484e-16,
4.929278407305577e-16,
4.935183248232522e-16,
4.878902052238806e-16,
4.845521180282796e-16,
4.912413658680282e-16,
4.950195924980361e-16,
4.908469835035349e-16,
4.815757295758051e-16,
4.767167645326002e-16,
4.823448841319717e-16,
4.828874322466615e-16,
4.766840809112333e-16,
4.819287126865672e-16,
4.974468961115475e-16,
5.007631942262373e-16,
5.062322535349569e-16,
5.211141957973291e-16,
5.160678446582875e-16,
4.963966624116261e-16,
4.889535123723488e-16,
4.853060202278083e-16,
4.763659603299293e-16,
4.774750245483111e-16,
4.845368656716418e-16,
4.718839463864886e-16,
4.693106559308719e-16,
4.671099587588374e-16,
4.605993813825608e-16,
4.524350127651218e-16,
4.618435379025923e-16,
4.667961959937157e-16,
4.63146524941084e-16,
4.520820296543598e-16,
4.463122810290651e-16,
4.520319147682639e-16,
4.495218126472898e-16,
4.592332060094266e-16,
4.691973527101335e-16,
4.728709917517675e-16,
4.659747476433621e-16,
4.47987861351139e-16,
4.480837333071485e-16,
4.553089925373135e-16,
4.696200608798115e-16,
4.827588766692851e-16,
4.754181353102906e-16,
4.731782177926158e-16,
4.766819020031422e-16,
4.819962588373919e-16,
4.817609367635507e-16,
4.849682894736841e-16,
4.808959102513747e-16,
4.748494402985074e-16,
4.656174067164179e-16,
4.540931618224666e-16,
4.551303220738414e-16,
4.685523959151609e-16,
4.7772559897879025e-16,
4.758430223880597e-16,
4.623032875098193e-16,
4.598389424587587e-16,
4.643906814611156e-16,
4.659115593087196e-16,
4.633731313825608e-16,
4.6302232717989e-16,
4.745836135113904e-16,
4.813818067556952e-16,
4.802531323644934e-16,
4.771438305184604e-16,
4.689685673605655e-16,
4.672319776119403e-16,
4.705134131971719e-16,
4.738144589552239e-16,
4.718076846032994e-16,
4.628000785545955e-16,
4.598977729772192e-16,
4.674520473291437e-16,
4.73990950510605e-16,
4.716464454045561e-16,
4.645933199135899e-16,
4.586122172034564e-16,
4.60514403967007e-16,
4.629940013747054e-16,
4.650312804399058e-16,
4.602790818931658e-16,
4.593290779654359e-16,
4.621834475648076e-16,
4.646521504320503e-16,
4.598106166535742e-16,
4.591133660644148e-16,
4.676699381382561e-16,
4.692518254124116e-16,
4.606996111547526e-16,
4.544134613118618e-16,
4.571349175176747e-16,
4.599064886095836e-16,
4.511559937156324e-16,
4.549734406912804e-16,
4.552588776512176e-16,
4.507986527886882e-16,
4.572351472898665e-16,
4.677483788295365e-16,
4.586536164571876e-16,
4.516767527494108e-16,
4.656130489002356e-16,
4.710167409662215e-16,
4.634188884524745e-16,
4.572830832678712e-16,
4.496460104084839e-16,
4.555595669677927e-16,
4.624231274548311e-16,
4.554048644933229e-16,
4.551107119010213e-16,
4.619023684210526e-16,
4.59967498036135e-16,
4.616844776119403e-16,
4.565836537706206e-16,
4.570259721131186e-16,
4.587037313432835e-16,
4.60372774941084e-16,
4.611898654752552e-16,
4.636520316182247e-16,
4.626257659073057e-16,
4.5448754418696e-16,
4.530015288688139e-16,
4.540386891201885e-16,
4.575423733307149e-16,
4.642207266300079e-16,
4.621878053809897e-16,
4.602812608012569e-16,
4.570608346425766e-16,
4.511276679104478e-16,
4.466216859780047e-16,
4.501166545561666e-16,
4.56483423998429e-16,
4.553678230557737e-16,
4.506330557737627e-16,
4.52546137077769e-16,
4.526180410447761e-16,
4.538643764728987e-16,
4.561696612333071e-16,
4.572090003927729e-16,
4.605710555773763e-16,
4.580587745483111e-16,
4.548710320109976e-16,
4.572395051060486e-16,
4.5863836410055e-16,
4.60335733503535e-16,
4.616931932443047e-16,
4.571283807934015e-16,
4.532368509426551e-16,
4.563134691673213e-16,
4.569366368813825e-16,
4.585621023173606e-16,
4.560236743912019e-16,
4.534220581304006e-16,
4.526136832285938e-16,
4.54012542223095e-16,
4.594075186567165e-16,
4.555225255302435e-16,
4.505219314611155e-16,
4.456825765907306e-16,
4.406885192458759e-16,
4.469681323644933e-16,
4.479987558915947e-16,
4.3987360761979575e-16,
4.4240114100549887e-16,
4.512932649253732e-16,
4.578931775333857e-16,
4.570455822859388e-16,
4.551041751767478e-16,
4.555443146111547e-16,
4.519425795365279e-16,
4.508596622152397e-16,
4.465279929300864e-16,
4.447805086410056e-16,
4.444776404163393e-16,
4.495915377062059e-16,
4.563134691673213e-16,
4.55086743912019e-16,
4.548122014925372e-16,
4.52404508051846e-16,
4.546618568342498e-16,
4.632903328750982e-16,
4.580282698350353e-16,
4.511407413589945e-16,
4.512562234878239e-16,
4.46220766889238e-16,
4.417452896700707e-16,
4.3927876571091907e-16,
4.450180096229379e-16,
4.494237617831893e-16,
4.450027572663001e-16,
4.424730449725059e-16,
4.460508120581304e-16,
4.451356706598586e-16,
4.442205292615868e-16,
4.457523016496465e-16,
4.456695031421838e-16,
4.482101099764336e-16,
4.49772387077769e-16,
4.519251482717988e-16,
4.485565563629222e-16,
4.4239678318931656e-16,
4.440048173605656e-16,
4.4219632364493323e-16,
4.4213531421838175e-16,
4.462948497643362e-16,
4.454363599764336e-16,
4.46785104084839e-16,
4.495261704634721e-16,
4.477786861743911e-16,
4.4391330322073837e-16,
4.459309721131186e-16,
4.469027651217597e-16,
4.44667205420267e-16,
4.412310673605656e-16,
4.467219157501963e-16,
4.4589393067556955e-16,
4.4112212195600943e-16,
4.4348841614296935e-16,
4.4387408287509824e-16,
4.419784328358209e-16,
4.446889945011783e-16,
4.489531176355066e-16,
4.514436095836606e-16,
4.463776482717988e-16,
4.4287832187745485e-16,
4.464081529850746e-16,
4.482667615868028e-16,
4.4303520326001574e-16,
4.4087590534171243e-16,
4.4062968872741553e-16,
4.373221062450904e-16,
4.373635054988217e-16,
4.4163634426551447e-16,
4.412659298900236e-16,
4.3843552827965435e-16,
4.3930273369992144e-16,
4.3664882364493326e-16,
4.406972348782404e-16,
4.4372809603299286e-16,
4.407495286724274e-16,
4.446170905341712e-16,
4.452794785938727e-16,
4.444536724273369e-16,
4.418476983503535e-16,
4.424665082482325e-16,
4.4074081304006284e-16,
4.4131822368421054e-16,
4.348446877454832e-16,
4.3797359976433617e-16,
4.462076934406913e-16,
4.4338164964650435e-16,
4.3785375981932444e-16,
4.334327553024352e-16,
4.3139111842105264e-16,
4.361237067949725e-16,
4.3599733012568736e-16,
4.278133513354281e-16,
4.264667861351139e-16,
4.282077336999214e-16,
4.3148699037706204e-16,
4.3484250883739186e-16,
4.385226846032993e-16,
4.3642003829536525e-16,
4.3668150726630006e-16,
4.362893038098979e-16,
4.3654423605655924e-16,
4.346093656716418e-16,
4.32545939709348e-16,
4.311165760015711e-16,
4.299966172427337e-16,
4.319009829143755e-16,
4.2770004811468975e-16,
4.2856943244304797e-16,
4.308768961115475e-16,
4.287459239984289e-16,
4.2924707285938724e-16,
4.2454934701492537e-16,
4.232659701492537e-16,
4.260941928515318e-16,
4.328074086802828e-16,
4.348969815396701e-16,
4.2949982619795757e-16,
4.253620797329144e-16,
4.2923182050274943e-16,
4.3586659564021993e-16,
4.3126038393558526e-16,
4.2574120974076983e-16,
4.230284691673213e-16,
4.2746254713275723e-16,
4.1984072663000786e-16,
4.081508847211312e-16,
4.1325170856245093e-16,
4.1650046052631575e-16,
4.0813781127258446e-16,
4.132473507462686e-16,
4.2192376276512173e-16,
4.121317498036135e-16,
4.120968872741556e-16,
4.231439512961508e-16,
4.2171676649646506e-16,
4.20548871759623e-16,
4.184375098193245e-16,
4.191761596622152e-16,
4.2081469854674e-16,
4.1842007855459544e-16,
4.133541172427337e-16,
4.127919589552239e-16,
4.2117421838177534e-16,
4.164307354673998e-16,
4.179995492930087e-16,
4.167074567949725e-16,
4.0814652690494893e-16,
4.0812038000785547e-16,
4.0794170954438334e-16,
4.082380410447761e-16,
4.1273530734485466e-16,
4.1307739591516106e-16,
4.099898831500393e-16,
4.047343568342498e-16,
4.0119581009426553e-16,
3.9876196975648065e-16,
4.038257521602514e-16,
4.0678253043990573e-16,
4.061245001963865e-16,
4.082489355852317e-16,
4.09314421641791e-16,
4.0462541142969366e-16,
4.036536184210526e-16,
4.052289689709348e-16,
4.100683238413197e-16,
4.1849634033778473e-16,
4.191761596622152e-16,
4.178862460722702e-16,
4.2270381186174393e-16,
4.2020678318931663e-16,
4.173480557737628e-16,
4.187381991358993e-16,
4.204246739984289e-16,
4.2411138648860957e-16,
4.310729978397486e-16,
4.2914902199528675e-16,
4.262118538884524e-16,
4.335809210526316e-16,
4.161779821288295e-16,
4.1059561959937157e-16,
4.216666516103692e-16,
4.2777413098978786e-16,
4.2322021307934015e-16,
4.161997712097408e-16,
4.1019905832678713e-16,
4.2484132069913594e-16,
4.300837735663786e-16,
4.210696307934014e-16,
4.2226585133542813e-16,
4.3146738020424197e-16,
4.240024410840534e-16,
4.1452854870384914e-16,
4.148161645718774e-16,
4.2132020522388057e-16,
4.206077022780833e-16,
4.155395620581304e-16,
4.2318970836606444e-16,
4.272904133935585e-16,
4.259634583660644e-16,
4.2512239984289086e-16,
4.2801163197172024e-16,
4.3057620679497246e-16,
4.3009466810683416e-16,
4.270943116653574e-16,
4.2626632659073047e-16,
4.26503827572663e-16,
4.2137249901806753e-16,
4.1977100157109186e-16,
4.2444258051846037e-16,
4.2595910054988214e-16,
4.2688513648860963e-16,
4.308115288688138e-16,
4.335852788688138e-16,
4.2844087686567163e-16,
4.2361241653574233e-16,
4.2477377454831107e-16,
4.238281284367635e-16,
4.189103328750982e-16,
4.169493155930871e-16,
4.2103912608012565e-16,
4.2432056166535746e-16,
4.2396104183032207e-16,
4.235514071091909e-16,
4.2541655243519246e-16,
4.2510496857816183e-16,
4.2312869893951296e-16,
4.285323910054988e-16,
4.287023458366065e-16,
4.199823556559309e-16,
4.2067306952081697e-16,
4.271531421838178e-16,
4.289136999214454e-16,
4.3061760604870387e-16,
4.275039463864886e-16,
4.155831402199529e-16,
4.156397918303221e-16,
4.2646024941084055e-16,
4.263425883739199e-16,
4.278765396700707e-16,
4.2416150137470535e-16,
4.1826755498821677e-16,
4.1807363216810683e-16,
4.304062519638649e-16,
4.341125746268657e-16,
4.288744795758052e-16,
4.251376521995286e-16,
4.2388260113904166e-16,
4.2129841614296933e-16,
4.160494265514532e-16,
4.213942880989788e-16,
4.234097780832679e-16,
4.237366142969364e-16,
4.213332786724273e-16,
4.182501237234878e-16,
4.2155116948153966e-16,
4.26344767282011e-16,
4.219041525923017e-16,
4.18749093676355e-16,
4.284909917517675e-16,
4.3171577572663e-16,
4.321275893558523e-16,
4.3226268165750193e-16,
4.33870715828751e-16,
4.272381195993716e-16,
4.175136527886881e-16,
4.227844314611155e-16,
4.254470571484681e-16,
4.1839175274941086e-16,
4.202002464650432e-16,
4.2459292517674786e-16,
4.314913481932443e-16,
4.2689603102906518e-16,
4.309749469756481e-16,
4.2687206304006285e-16,
4.282731009426551e-16,
4.3055005989787905e-16,
4.2804649450117836e-16,
4.216819039670071e-16,
4.2078201492537315e-16,
4.161300461508248e-16,
4.1181798703849174e-16,
4.1814989395129617e-16,
4.2129841614296933e-16,
4.242225108012569e-16,
4.2905315003927725e-16,
4.1933521995286724e-16,
4.2215690593087195e-16,
4.3037792615868026e-16,
4.289681726237235e-16,
4.2475852219167326e-16,
4.2688731539670066e-16,
4.2949982619795757e-16,
4.239261793008641e-16,
4.220566761586803e-16,
4.2244670070699134e-16,
4.3443505302435197e-16,
4.397297996857817e-16,
4.394443627258445e-16,
4.421876080125688e-16,
4.355332227022781e-16,
4.3810651315789473e-16,
4.3702577474469754e-16,
4.2831885801256877e-16,
4.275213776512176e-16,
4.251746936370778e-16,
4.1723693146111546e-16,
4.2080162509819327e-16,
4.215620640219953e-16,
4.171846376669285e-16,
4.1550252062058133e-16,
4.2391528476040845e-16,
4.2404601924587583e-16,
4.14225680479183e-16,
4.14243111743912e-16,
4.225142468578162e-16,
4.192763894344069e-16,
4.1713234387274154e-16,
4.1711273369992147e-16,
4.1769450216025143e-16,
4.1937226139041634e-16,
4.1507763354281225e-16,
4.3072873036135113e-16,
4.316307983110762e-16,
4.2783731932443047e-16,
4.227495689316575e-16,
4.200390072663001e-16,
4.2189325805184606e-16,
4.1391845443833465e-16,
4.1073071190102126e-16,
4.1776422721916733e-16,
4.2244452179890026e-16,
4.216383258051846e-16,
4.171519540455617e-16,
4.1763131382560877e-16,
4.086498546739984e-16,
4.064535153181461e-16,
4.0998116751767477e-16,
4.111621357030636e-16,
4.213005950510605e-16,
4.2316574037706206e-16,
4.1255010015710914e-16,
4.117221150824823e-16,
4.1188117537313435e-16,
4.0935364198743124e-16,
4.0718562843676356e-16,
4.056298880597015e-16,
4.0513309701492526e-16,
4.160646789080911e-16,
4.197535703063629e-16,
4.1483141692851536e-16,
4.2050965141398275e-16,
4.1317980459544385e-16,
4.0732507855459546e-16,
4.137746465043204e-16,
4.126546877454831e-16,
4.0421795561665357e-16,
4.082554723095051e-16,
4.0899630106048703e-16,
4.0104982325216025e-16,
3.9678787902592306e-16,
3.998928230557738e-16,
4.056168146111548e-16,
4.117853034171249e-16,
4.097937814218382e-16,
4.0769113511390414e-16,
4.143564149646504e-16,
4.11822344854674e-16,
4.1499919285153184e-16,
4.157356637863315e-16,
4.165549332285938e-16,
4.1178094560094264e-16,
4.0456875981932444e-16,
4.0907474175176754e-16,
4.1909554006284363e-16,
4.159709858601728e-16,
4.1242154457973294e-16,
4.0498275235663787e-16,
4.0490866948153966e-16,
4.101424067164179e-16,
4.157770630400628e-16,
4.1997146111547524e-16,
4.157835997643362e-16,
4.1732626669285157e-16,
4.172325736449332e-16,
4.1177658778476043e-16,
4.059283984681854e-16,
4.0455132855459545e-16,
4.146440308326787e-16,
4.2318752945797326e-16,
4.1833728004713277e-16,
4.1562018165750193e-16,
4.2217651610369206e-16,
4.181716830322074e-16,
4.1631089552238807e-16,
4.1826755498821677e-16,
4.2250771013354277e-16,
4.2500255989787903e-16,
4.216579359780047e-16,
4.1847890907305575e-16,
4.1714977513747053e-16,
4.146069893951296e-16,
4.138225824823252e-16,
4.228192939905735e-16,
4.293625549882168e-16,
4.2712699528672426e-16,
4.2237261783189313e-16,
4.226101188138255e-16,
4.2183006971720345e-16,
4.220610339748625e-16,
4.2098683228593864e-16,
4.233313373919874e-16,
4.2981141005498816e-16,
4.2466482914375494e-16,
4.212308699921445e-16,
4.2831885801256877e-16,
4.286936302042419e-16,
4.322147456794973e-16,
4.3223435585231725e-16,
4.1974267576590723e-16,
4.1855081304006287e-16,
4.3283355557737625e-16,
4.3214066280439903e-16,
4.3135625589159466e-16,
4.3169398664571875e-16,
4.3356131087981144e-16,
4.2973732717989005e-16,
4.308986851924588e-16,
4.321820620581304e-16,
4.3667061272584446e-16,
4.3867085035349565e-16,
4.3323011684996074e-16,
4.2977654752553024e-16,
4.2881564905734487e-16,
4.308071710526316e-16,
4.315545365278869e-16,
4.293473026315789e-16,
4.274342213275727e-16,
4.336027101335428e-16,
4.332715161036921e-16,
4.3251761390416335e-16,
4.3210580027494105e-16,
4.307940976040848e-16,
4.2946278476040837e-16,
4.3262002258444624e-16,
4.2597217399842896e-16,
4.1981240082482327e-16,
4.300881313825609e-16,
4.321341260801257e-16,
4.334066084053418e-16,
4.370039856637863e-16,
4.3318871759622937e-16,
4.2917952670856247e-16,
4.284953495679497e-16,
4.4049459642576585e-16,
4.374419461901021e-16,
4.3100109387274153e-16,
4.2955429890023566e-16,
4.286130106048704e-16,
4.293734495286724e-16,
4.2962620286724274e-16,
4.3031038000785544e-16,
4.3392518853102904e-16,
4.368274941084054e-16,
4.2965452867242733e-16,
4.223050716810683e-16,
4.2800291633935587e-16,
4.352172810290652e-16,
4.3811522879025925e-16,
4.371826561272584e-16,
4.2954340435978007e-16,
4.3037792615868026e-16,
4.320208228593873e-16,
4.305108395522387e-16,
4.3406899646504324e-16,
4.3059145915161036e-16,
4.2560175962293793e-16,
4.289398468185389e-16,
4.319140563629223e-16,
4.3658127749410835e-16,
4.4121363609583657e-16,
4.388516997250589e-16,
4.3161118813825613e-16,
4.254884564021995e-16,
4.2305243715632367e-16,
4.2849752847604085e-16,
4.330122260408484e-16,
4.3442415848389627e-16,
4.3460065003927727e-16,
4.3332598880597004e-16,
4.350233582089552e-16,
4.3524124901806753e-16,
4.316787342890809e-16,
4.3262655930871953e-16,
4.365856353102907e-16,
4.3957073939512964e-16,
4.358448065593087e-16,
4.320970846425766e-16,
4.310555665750196e-16,
4.285432855459544e-16,
4.32086190102121e-16,
4.331364238020424e-16,
4.2979833660644143e-16,
4.2623582187745485e-16,
4.181542517674784e-16,
4.1840700510604867e-16,
4.234577140612726e-16,
4.19313430871956e-16,
4.2715532109190885e-16,
4.319903181461116e-16,
4.3013170954438336e-16,
4.343064974469756e-16,
4.310860712882954e-16,
4.3065682639434405e-16,
4.320121072270228e-16,
4.3665536036920655e-16,
4.449439267478397e-16,
4.468308611547526e-16,
4.441224783974862e-16,
4.4348623723487827e-16,
4.379844943047918e-16,
4.3400580813040063e-16,
4.3594067851531814e-16,
4.389301404163394e-16,
4.3883862627651213e-16,
4.374027258444619e-16,
4.3751820797329143e-16,
4.4044448153967e-16,
4.4233577376276513e-16,
4.4348405832678704e-16,
4.424338246268656e-16,
4.423096268656716e-16,
4.415252199528673e-16,
4.453557403770621e-16,
4.553133503534957e-16,
4.519164326394344e-16,
4.425972427337e-16,
4.370628161822467e-16,
4.3847256971720346e-16,
4.367229065200314e-16,
4.4010892969363705e-16,
4.485304094658287e-16,
4.4063404654359784e-16,
4.3999998428908087e-16,
4.451552808326787e-16,
4.461423261979576e-16,
4.449461056559308e-16,
4.4231834249803614e-16,
4.394508994501178e-16,
4.370824263550667e-16,
4.376816260801257e-16,
4.406645512568735e-16,
4.440069962686567e-16,
4.451661753731344e-16,
4.4128336115475247e-16,
4.3731556952081703e-16,
4.472710005891595e-16,
4.592876787117046e-16,
4.644778377847604e-16,
4.753091899057344e-16,
4.910169383346426e-16,
4.985123821681069e-16,
4.913524901806755e-16,
4.828220650039278e-16,
4.750346474862529e-16,
4.6876375e-16,
4.602333248232521e-16,
4.490620630400628e-16,
4.3545478201099773e-16,
4.2727298212882955e-16,
4.30408430871956e-16,
4.446780999607227e-16,
4.739430145326002e-16,
5.559658307148469e-16,
7.010854673998428e-16,
8.493993833464257e-16,
9.3750788982718e-16,
9.509147113118617e-16,
9.1972146307934e-16,
8.562476914768264e-16,
7.4256969854674e-16,
6.015006520031422e-16,
5.064196396307934e-16,
4.706223586017283e-16,
4.555181677140612e-16,
4.466064336213669e-16,
4.417431107619796e-16,
4.4519668008641e-16,
4.473712303613511e-16,
4.4262121072270226e-16,
4.442205292615868e-16,
4.519251482717988e-16,
4.532390298507463e-16,
4.505241103692065e-16,
4.592898576197958e-16,
4.787431490573448e-16,
5.17965673605656e-16,
5.666838796150824e-16,
5.909852415553811e-16,
5.875469245875883e-16,
5.763146533778477e-16,
5.5436215435978e-16,
5.22558811861744e-16,
4.880122240769834e-16,
4.618871160644148e-16,
4.482210045168892e-16,
4.391044530636292e-16,
4.3375959151610373e-16,
4.3347197564807547e-16,
4.386294510997643e-16,
4.420960938727415e-16,
4.368253152003142e-16,
4.3321704340141396e-16,
4.384878220738413e-16,
4.3704756382560874e-16,
4.352586802827965e-16,
4.3845731736056555e-16,
4.3209054791830324e-16,
4.2770876374705417e-16,
4.2967195993715636e-16,
4.3032999018067556e-16,
4.2807917812254516e-16,
4.332279379418696e-16,
4.3535455223880597e-16,
4.3065682639434405e-16,
4.2812057737627647e-16,
4.3072873036135113e-16,
4.3690157698350355e-16,
4.4022005400628436e-16,
4.418738452474469e-16,
4.452250058915947e-16,
4.398147771013354e-16,
4.3067425765907304e-16,
4.2717057344854676e-16,
4.3077230852317357e-16,
4.3082460231736053e-16,
4.329032806362922e-16,
4.3300351040848386e-16,
4.327289679890023e-16,
4.2878950216025137e-16,
4.2496116064414767e-16,
4.2767608012568743e-16,
4.3551579143754906e-16,
4.3450477808326787e-16,
4.315981146897094e-16,
4.273993587981147e-16,
4.2712917419481544e-16,
4.258937333071485e-16,
4.2355794383346424e-16,
4.2296528083267874e-16,
4.2237915455616657e-16,
4.2267330714846817e-16,
4.229304183032207e-16,
4.269396091908876e-16,
4.3106428220738414e-16,
4.2812275628436765e-16,
4.2687206304006285e-16,
4.2574992537313434e-16,
4.2329647486252944e-16,
4.2630554693637075e-16,
4.293451237234878e-16,
4.2846920267085626e-16,
4.2454716810683424e-16,
4.2750176747839746e-16,
4.2946932148468186e-16,
4.226907384131972e-16,
4.2124612234878246e-16,
4.1954221622152395e-16,
4.1807145326001575e-16,
4.2361459544383346e-16,
4.2623582187745485e-16,
4.234184937156324e-16,
4.227670001963865e-16,
4.240525559701493e-16,
4.233858100942654e-16,
4.2247720542026705e-16,
4.226014031814611e-16,
4.207885516496465e-16,
4.20145773762765e-16,
4.2020678318931663e-16,
4.211393558523174e-16,
4.222004840926944e-16,
4.212417645326002e-16,
4.174352120974077e-16,
4.1024045758051844e-16,
4.1341948448546746e-16,
4.2132020522388057e-16,
4.1729576197957586e-16,
4.14790017674784e-16,
4.1944198644933224e-16,
4.1585986154752554e-16,
4.1405136783189315e-16,
4.2024818244304795e-16,
4.205423350353496e-16,
4.2161217890809114e-16,
4.1980586410054984e-16,
4.164307354673998e-16,
4.191260447761194e-16,
4.210195159073056e-16,
4.1730447761194033e-16,
4.1551777297721914e-16,
4.1601238511390416e-16,
4.1825666044776117e-16,
4.2211986449332284e-16,
4.148270591123331e-16,
4.217407344854674e-16,
4.20108732325216e-16,
4.1679897093479966e-16,
4.1850287706205817e-16,
4.196969186959937e-16,
4.2016756284367625e-16,
4.1888200706991357e-16,
4.214444029850746e-16,
4.295194363707777e-16,
4.277240161036921e-16,
4.1337372741555384e-16,
4.077870070699136e-16,
4.1186374410840536e-16,
4.1747007462686563e-16,
4.1629782207384134e-16,
4.126960869992145e-16,
4.146265995679497e-16,
4.109180979968578e-16,
4.0406978986645715e-16,
4.0776303908091126e-16,
4.095127022780833e-16,
3.9981002454831114e-16,
3.999603692065986e-16,
4.075081068342498e-16,
4.101750903377848e-16,
4.1177005106048704e-16,
4.0878712588373923e-16,
4.0202815298507465e-16,
4.0727496366849963e-16,
4.2130713177533384e-16,
4.1821961901021207e-16,
4.521234289080911e-16,
5.063804192851533e-16,
5.29415835624509e-16,
5.280126188138256e-16,
5.289451914768264e-16,
5.29221912804399e-16,
4.995996573055774e-16,
4.573462716025137e-16,
4.2772183719560095e-16,
4.1529552435192457e-16,
4.0807026512175964e-16,
4.061746150824823e-16,
4.077695758051846e-16,
4.072379222309505e-16,
4.1251959544383343e-16,
4.2870016692851535e-16,
4.536072653181461e-16,
4.771111468970934e-16,
4.933549067164179e-16,
4.912696916732129e-16,
4.789632187745484e-16,
4.673997535349567e-16,
4.483604546347211e-16,
4.22723422034564e-16,
4.0143113216810683e-16,
3.946961272584446e-16,
4.0162069717203446e-16,
4.042027032600157e-16,
3.956112686567164e-16,
3.940707806362921e-16,
3.954718185388845e-16,
3.9711689414768263e-16,
3.947244530636292e-16,
3.9264795365278867e-16,
3.861046926551453e-16,
3.8048746759622935e-16,
3.733450068735271e-16,
3.683335182639434e-16,
3.6758833169677924e-16,
3.7679857619795755e-16,
3.909484053417125e-16,
4.018037254516889e-16,
4.006641565200314e-16,
3.9194416633935586e-16,
3.869457511783188e-16,
3.9212065789473686e-16,
3.9903651217596233e-16,
4.0228308523173606e-16,
4.0343572761194033e-16,
4.0555580518460326e-16,
4.034509799685782e-16,
3.9802549882168113e-16,
3.9311859780047137e-16,
3.8832282109190887e-16,
3.8327864886095835e-16,
3.8080776708562456e-16,
3.8527888648860964e-16,
3.8520480361351143e-16,
3.799884976433621e-16,
3.7821268754909663e-16,
3.8384516496465045e-16,
3.899766123330715e-16,
3.911357914375491e-16,
3.9072833562450903e-16,
3.911554016103692e-16,
3.939749086802828e-16,
3.9056055970149255e-16,
3.90092094461901e-16,
3.931011665357424e-16,
3.93447612922231e-16,
3.896279870384917e-16,
3.8930550864100553e-16,
3.910224882168107e-16,
3.866167360565593e-16,
3.804787519638649e-16,
3.8519173016496466e-16,
3.9017489296936365e-16,
3.849367979183032e-16,
3.862898998428908e-16,
3.820192399842891e-16,
3.7916269147682644e-16,
3.7765706598586012e-16,
3.693467105263158e-16,
3.7218582776904954e-16,
3.7465888845247446e-16,
3.728089954831108e-16,
3.76541465043205e-16,
3.7737162902592304e-16,
3.764085516496465e-16,
3.7390498625294577e-16,
3.7468285644147684e-16,
3.779599342105263e-16,
3.7165635310290654e-16,
3.717936243126473e-16,
3.779294294972506e-16,
3.7982290062843677e-16,
3.736130125687353e-16,
3.708588727415554e-16,
3.7960065200314215e-16,
3.8361202179890023e-16,
3.717195414375491e-16,
3.6651195109976436e-16,
3.7573309014139827e-16,
3.7817128829536527e-16,
3.75428043008641e-16,
3.71205319128044e-16,
3.7105061665357426e-16,
3.782170453652789e-16,
3.7816039375490967e-16,
3.7463274155538096e-16,
3.7488113707776913e-16,
3.774457119010212e-16,
3.771254124116261e-16,
3.7740867046347215e-16,
3.74155560683425e-16,
3.672854634721131e-16,
3.68361844069128e-16,
3.703272191673213e-16,
3.731990200314218e-16,
3.7888161233307147e-16,
3.7996452965435974e-16,
3.7825190789473686e-16,
3.7711451787117045e-16,
3.7718642183817753e-16,
3.742209279261587e-16,
3.75656828358209e-16,
3.7613400923016497e-16,
3.714515357423409e-16,
3.6975634524744696e-16,
3.7312057934014145e-16,
3.7273709151610364e-16,
3.672593165750196e-16,
3.67795327965436e-16,
3.7209213472113127e-16,
3.662831657501964e-16,
3.657231863707777e-16,
3.67795327965436e-16,
3.6426113904163396e-16,
3.628426698743126e-16,
3.652351109583661e-16,
3.672963580125687e-16,
3.670043843283582e-16,
3.6640518460329935e-16,
3.6487123330714845e-16,
3.6327627258444617e-16,
3.638449675962294e-16,
3.649888943440692e-16,
3.605983945404555e-16,
3.5688117733699923e-16,
3.611866997250589e-16,
3.6694555380989785e-16,
3.68237646307934e-16,
3.653963501571092e-16,
3.6279255498821684e-16,
3.6058096327572663e-16,
3.6099277690494897e-16,
3.6517845934799683e-16,
3.654682541241162e-16,
3.663332806362923e-16,
3.65163206991359e-16,
3.6231537411626076e-16,
3.6453568146111554e-16,
3.717761930479183e-16,
3.7272837588373917e-16,
3.6795438825608797e-16,
3.6458143853102906e-16,
3.6622433523173605e-16,
3.7320119893951295e-16,
3.8266419677926155e-16,
3.8137210428122543e-16,
3.72405897486253e-16,
3.709765337784761e-16,
3.6873661626080125e-16,
3.688412038491752e-16,
3.695711380597015e-16,
3.7648481343283584e-16,
3.7499226139041635e-16,
3.6758833169677924e-16,
3.6025194815396705e-16,
3.5831271995286724e-16,
3.6625483994501176e-16,
3.7353675078554596e-16,
3.6626791339355854e-16,
3.554300245483111e-16,
3.5966582187745483e-16,
3.700199931264729e-16,
3.744845758051846e-16,
3.7173043597800475e-16,
3.7246690691280436e-16,
3.760926099764336e-16,
3.699415524351925e-16,
3.629407207384132e-16,
3.7170428908091125e-16,
3.702204526708562e-16,
3.730116339355852e-16,
3.7143846229379423e-16,
3.7203984092694426e-16,
3.7165635310290654e-16,
3.6951448644933233e-16,
3.632283366064415e-16,
3.6118234190887665e-16,
3.6283177533385703e-16,
3.6555323153967007e-16,
3.68926181264729e-16,
3.6779750687352713e-16,
3.684337480361351e-16,
3.748114120188531e-16,
3.7918665946582877e-16,
3.7495739886095837e-16,
3.680502602120974e-16,
3.623306264728987e-16,
3.6564474567949727e-16,
3.731096847996858e-16,
3.7015944324430475e-16,
3.6409336311861743e-16,
3.6675598880597017e-16,
3.658277739591516e-16,
3.6630059701492533e-16,
3.736892743519246e-16,
3.7029235663786335e-16,
3.6511309210526314e-16,
3.6362925569520817e-16,
3.6481240278868815e-16,
3.6544210722702276e-16,
3.607857806362922e-16,
3.5471098487824037e-16,
3.566589287117046e-16,
3.564410379025923e-16,
3.671656235271013e-16,
3.711944245875884e-16,
3.658190583267871e-16,
3.662875235663786e-16,
3.635769619010212e-16,
3.594283208955224e-16,
3.597290102120974e-16,
3.5905136979575803e-16,
3.6797181952081695e-16,
3.670436046739985e-16,
3.656011675176748e-16,
3.5336877749410843e-16,
3.587659328358209e-16,
3.647797191673213e-16,
3.693467105263158e-16,
3.7136437941869603e-16,
3.746131313825609e-16,
3.730987902592302e-16,
3.697410928908091e-16,
3.6698259524744696e-16,
3.6632892282011e-16,
3.6427857030636294e-16,
3.6028027395915164e-16,
3.5346029163393557e-16,
3.5341671347211313e-16,
3.5828221523959147e-16,
3.5936513256087985e-16,
3.561076649646504e-16,
3.557677553024352e-16,
3.614481686959937e-16,
3.6632456500392776e-16,
3.649888943440692e-16,
3.621475981932443e-16,
3.616420915161037e-16,
3.6703706794972514e-16,
3.68873887470542e-16,
3.617619314611155e-16,
3.60552637470542e-16,
3.6303441378633153e-16,
3.5937820600942657e-16,
3.602563059701493e-16,
3.5831707776904945e-16,
3.5312909760408487e-16,
3.54493094069128e-16,
3.6119977317360564e-16,
3.605918578161822e-16,
3.637011596622152e-16,
3.6588878338570304e-16,
3.62777302631579e-16,
3.6412386783189314e-16,
3.577788874705421e-16,
3.538350638256088e-16,
3.5889230950510607e-16,
3.5866788197172037e-16,
3.6334163982717986e-16,
3.5638656520031425e-16,
3.437924764336214e-16,
3.54421190102121e-16,
3.6212363020424195e-16,
3.6209530439905736e-16,
3.6458143853102906e-16,
3.5815148075412415e-16,
3.5448002062058133e-16,
3.603957560879811e-16,
3.649976099764336e-16,
3.6431996956009426e-16,
3.680764071091909e-16,
3.6491263256087986e-16,
3.607661704634721e-16,
3.6290585820895523e-16,
3.656948605655931e-16,
3.6667319029850745e-16,
3.6030859976433627e-16,
3.5488529752553024e-16,
3.586896710526316e-16,
3.621083778476041e-16,
3.5485043499607227e-16,
3.4822219658287506e-16,
3.499217448939513e-16,
3.485686429693637e-16,
3.481481137077769e-16,
3.5725812843676355e-16,
3.5740847309505105e-16,
3.529569638648861e-16,
3.5493759131971725e-16,
3.6076399155538096e-16,
3.579161586802828e-16,
3.571099626865672e-16,
3.557917232914375e-16,
3.4731359190887666e-16,
3.551402297721917e-16,
3.6398005989787904e-16,
3.5543874018067557e-16,
3.512181952081697e-16,
3.583715504713276e-16,
3.6301044579732915e-16,
3.6490391692851535e-16,
3.6465552140612727e-16,
3.6180768853102905e-16,
3.6377742144540453e-16,
3.5549974960722705e-16,
3.4547895129615086e-16,
3.4905889728986643e-16,
3.5495502258444624e-16,
3.576982678711705e-16,
3.5582222800471323e-16,
3.575043450510605e-16,
3.667995669677926e-16,
3.639473762765122e-16,
3.558331225451689e-16,
3.5207668499607226e-16,
3.534188923802042e-16,
3.5669597014925376e-16,
3.5198517085624507e-16,
3.5183918401413983e-16,
3.5902304399057345e-16,
3.6277512372348785e-16,
3.6337432344854675e-16,
3.622325756087981e-16,
3.623306264728987e-16,
3.6019747545168896e-16,
3.5583530145326e-16,
3.5723198153967015e-16,
3.652372898664572e-16,
3.63522489198743e-16,
3.5412485860172816e-16,
3.552099548311076e-16,
3.589729291044776e-16,
3.6052649057344854e-16,
3.6117580518460326e-16,
3.575697122937942e-16,
3.6091215730557733e-16,
3.670261734092695e-16,
3.597115789473684e-16,
3.6014953947368416e-16,
3.650738717596229e-16,
3.6548350648075413e-16,
3.6571011292223096e-16,
3.529351747839749e-16,
3.528501973684211e-16,
3.6373820109976435e-16,
3.6545082285938723e-16,
3.5935859583660646e-16,
3.5933244893951295e-16,
3.6160722898664573e-16,
3.619406019245876e-16,
3.6413258346425756e-16,
3.638079261586803e-16,
3.586940288688138e-16,
3.5991203849175183e-16,
3.6106903868813826e-16,
3.558897741555381e-16,
3.593716692851532e-16,
3.7268043990573447e-16,
3.714820404556167e-16,
3.614721366849961e-16,
3.602563059701493e-16,
3.675077120974077e-16,
3.668475029457973e-16,
3.639103348389631e-16,
3.6735518853102907e-16,
3.6577765907305577e-16,
3.556435575412412e-16,
3.513075304399057e-16,
3.501309200706991e-16,
3.4825705911233303e-16,
3.5618174783974867e-16,
3.605591741948154e-16,
3.578028554595444e-16,
3.5601179300864106e-16,
3.514644118224666e-16,
3.4791061272584447e-16,
3.4794111743912014e-16,
3.5276086213668496e-16,
3.5346029163393557e-16,
3.564606480754124e-16,
3.5411396406127256e-16,
3.5628851433621367e-16,
3.54085638256088e-16,
3.513184249803613e-16,
3.512617733699922e-16,
3.5220306166535743e-16,
3.518740465435978e-16,
3.5781375000000005e-16,
3.5381109583660634e-16,
3.4688870483110763e-16,
3.446139247839748e-16,
3.4082480361351144e-16,
3.422018735271013e-16,
3.5067128927729775e-16,
3.5489837097407697e-16,
3.554452769049489e-16,
3.56382207384132e-16,
3.5167358699921443e-16,
3.489216260801257e-16,
3.492963982717989e-16,
3.477842360565593e-16,
3.5081291830322073e-16,
3.53750086410055e-16,
3.4452023173605653e-16,
3.427596739984289e-16,
3.5967235860172817e-16,
3.6380356834249804e-16,
3.560248664571878e-16,
3.499391761586802e-16,
3.585044638648861e-16,
3.5121601630007856e-16,
3.4322813923802037e-16,
3.529112067949725e-16,
3.566785388845247e-16,
3.488606166535743e-16,
3.4006218578161817e-16,
3.412627641398272e-16,
3.493900913197172e-16,
3.481306824430479e-16,
3.431431618224666e-16,
3.4206460231736055e-16,
3.421561164571878e-16,
3.524514571877455e-16,
3.6301044579732915e-16,
3.6244175078554597e-16,
3.587201757659073e-16,
3.558636272584446e-16,
3.5912763157894737e-16,
3.5863955616653573e-16,
3.5575686076197954e-16,
3.5441683228593872e-16,
3.5170409171249015e-16,
3.4688652592301645e-16,
3.352598723487824e-16,
3.4522837686567166e-16,
3.449189719167321e-16,
3.3782880498821676e-16,
3.351334956794972e-16,
3.3073210133542813e-16,
3.3288486252945795e-16,
3.42267240769835e-16,
3.503902101335428e-16,
3.5370432934014144e-16,
3.5309205616653567e-16,
3.562863354281225e-16,
3.592714395129615e-16,
3.589337087588374e-16,
3.5486786626080126e-16,
3.591995355459545e-16,
3.5900343381775333e-16,
3.5007862627651215e-16,
3.4788228692065984e-16,
3.462154222309505e-16,
3.4385348586017287e-16,
3.4433502454831106e-16,
3.4775808915946585e-16,
3.472416879418696e-16,
3.485882531421838e-16,
3.516714080911233e-16,
3.534493970934799e-16,
3.495818352317361e-16,
3.4542229968578164e-16,
3.468059063236449e-16,
3.4609776119402983e-16,
3.4433502454831106e-16,
3.4918745286724273e-16,
3.555607590337785e-16,
3.510939974469756e-16,
3.497343587981147e-16,
3.6085332678711703e-16,
3.5276521995286727e-16,
3.433196533778476e-16,
3.449189719167321e-16,
3.429405233699921e-16,
3.4833767871170463e-16,
3.48237448939513e-16,
3.444439699528672e-16,
3.4041952670856243e-16,
3.4180095443833466e-16,
3.526562745483111e-16,
3.5252336115475253e-16,
3.4663377258444616e-16,
3.420885703063629e-16,
3.453743637077769e-16,
3.441062391987431e-16,
3.3838224764336214e-16,
3.358438197172035e-16,
3.3549519442262374e-16,
3.3879841908876664e-16,
3.4395589454045556e-16,
3.422280204241948e-16,
3.412801954045562e-16,
3.4299717498036133e-16,
3.346323468185388e-16,
3.317627248625295e-16,
3.3714244893951303e-16,
3.3265607717989e-16,
3.3217018067556953e-16,
3.304335909269442e-16,
3.314293519245876e-16,
3.366870571484682e-16,
3.4374671936370777e-16,
3.502289709347997e-16,
3.4268341221523956e-16,
3.3797261292223097e-16,
3.3921241162608007e-16,
3.365432492144541e-16,
3.3344702081696774e-16,
3.366718047918303e-16,
3.4251781520031416e-16,
3.4843137175962295e-16,
3.4824616457187744e-16,
3.411908601728201e-16,
3.3979635899450116e-16,
3.455791810683425e-16,
3.458907649253731e-16,
3.4392538982717984e-16,
3.39279957776905e-16,
3.328238531029065e-16,
3.291828976826394e-16,
3.23591819520817e-16,
3.3453865377062053e-16,
3.4192079438334644e-16,
3.493486920659858e-16,
3.488824057344855e-16,
3.3425975353495684e-16,
3.309717812254517e-16,
3.300915023566378e-16,
3.280411498428908e-16,
3.3044666437549095e-16,
3.3833866948153964e-16,
3.398573684210526e-16,
3.4212779065200316e-16,
3.51913266889238e-16,
3.491416957973291e-16,
3.386851158680283e-16,
3.3910346622152394e-16,
3.4197962490180674e-16,
3.3996631382560877e-16,
3.35076844069128e-16,
3.3145985663786333e-16,
3.279583513354281e-16,
3.2994987333071485e-16,
3.303093931657502e-16,
3.3071031225451684e-16,
3.3549519442262374e-16,
3.3537317556952083e-16,
3.419011842105263e-16,
3.441999322466614e-16,
3.451869776119403e-16,
3.4451369501178314e-16,
3.446030302435193e-16,
3.380706637863315e-16,
3.423849018067557e-16,
3.5651947859387276e-16,
3.4833332089552237e-16,
3.374213491751767e-16,
3.397985379025923e-16,
3.458646180282796e-16,
3.408030145326002e-16,
3.4072675274941086e-16,
3.4478387961508247e-16,
3.358917556952082e-16,
3.261237107227023e-16,
3.314271730164965e-16,
3.4136517282011e-16,
3.4031493912018856e-16,
3.4215175864100553e-16,
3.4925282010997647e-16,
3.5120512175962296e-16,
3.456968421052632e-16,
3.3763052435192457e-16,
3.3768063923802045e-16,
3.426485496857816e-16,
3.4843137175962295e-16,
3.461173713668499e-16,
3.3971573939512956e-16,
3.3792249803613513e-16,
3.328042429300864e-16,
3.3439266692851535e-16,
3.454963825608798e-16,
3.4399511488609584e-16,
3.343120473291438e-16,
3.313073330714847e-16,
3.298910428122545e-16,
3.338239719167321e-16,
3.374671062450903e-16,
3.3844979379418695e-16,
3.363863678318932e-16,
3.372862568735271e-16,
3.3913614984289074e-16,
3.4224980950510606e-16,
3.431431618224666e-16,
3.3887468087195603e-16,
3.3659772191673217e-16,
3.3790288786331497e-16,
3.414980862136685e-16,
3.422563462293794e-16,
3.4766003829536527e-16,
3.50906611351139e-16,
3.41790059897879e-16,
3.347957649253731e-16,
3.365933641005498e-16,
3.3935621956009423e-16,
3.332727081696779e-16,
3.3312454241948156e-16,
3.412344383346426e-16,
3.428402935978005e-16,
3.4293616555380995e-16,
3.448753937549096e-16,
3.399379880204242e-16,
3.4121264925373136e-16,
3.4482092105263157e-16,
3.4164625196386486e-16,
3.409707904556167e-16,
3.397985379025923e-16,
3.360464581696779e-16,
3.3795736056559306e-16,
3.4200141398271794e-16,
3.3958064709348e-16,
3.3556274057344855e-16,
3.397832855459545e-16,
3.403192969363708e-16,
3.3143153083267874e-16,
3.256138462293794e-16,
3.274005508641006e-16,
3.3342741064414767e-16,
3.3938454536527886e-16,
3.4251563629222313e-16,
3.4648778574234093e-16,
3.505187657109191e-16,
3.53131276512176e-16,
3.495949086802828e-16,
3.494293116653574e-16,
3.503727788688138e-16,
3.450780322073841e-16,
3.3976803318931653e-16,
3.3521847309505102e-16,
3.33980853299293e-16,
3.341943862922231e-16,
3.3519232619795757e-16,
3.363275373134328e-16,
3.316624950903378e-16,
3.273221101728201e-16,
3.272393116653574e-16,
3.2616728888452477e-16,
3.325536684996072e-16,
3.345408326787117e-16,
3.247488197172035e-16,
3.2526086311861745e-16,
3.333293597800471e-16,
3.368809799685782e-16,
3.401885624509034e-16,
3.4964938138256086e-16,
3.5065385801256877e-16,
3.355518460329929e-16,
3.2624790848389627e-16,
3.3148600353495673e-16,
3.3612489886095835e-16,
3.3627960133542815e-16,
3.330221337391987e-16,
3.337716781225452e-16,
3.352053996465043e-16,
3.3678510801256877e-16,
3.3273233896307933e-16,
3.2316475353495676e-16,
3.2290764238020426e-16,
3.328913992537314e-16,
3.392908523173606e-16,
3.384541516103692e-16,
3.384933719560094e-16,
3.3774164866457183e-16,
3.362055184603299e-16,
3.366979516889238e-16,
3.372884357816182e-16,
3.3913832875098196e-16,
3.4120829143754906e-16,
3.442609416732129e-16,
3.351334956794972e-16,
3.264592625687353e-16,
3.3320080420267084e-16,
3.3886378633150043e-16,
3.3465195699135897e-16,
3.289541123330715e-16,
3.335189247839748e-16,
3.3597455420267085e-16,
3.328303898271799e-16,
3.3613143558523174e-16,
3.3700953554595437e-16,
3.3401571582875097e-16,
3.305251050667714e-16,
3.2603219658287514e-16,
3.29034731932443e-16,
3.334840622545169e-16,
3.3073428024351926e-16,
3.240646425765907e-16,
3.2009031421838176e-16,
3.334491997250589e-16,
3.431976345247447e-16,
3.4420646897093477e-16,
3.492244943047919e-16,
3.495426148860958e-16,
3.434416722309505e-16,
3.3216800176747845e-16,
3.2846385801256875e-16,
3.3147946681068344e-16,
3.33804361743912e-16,
3.322050432050275e-16,
3.3462363118617444e-16,
3.3699428318931657e-16,
3.375477258444619e-16,
3.3585689316575025e-16,
3.254242812254517e-16,
3.20042378240377e-16,
3.2457014925373136e-16,
3.298234966614297e-16,
3.313923104870385e-16,
3.2725456402199526e-16,
3.223280528279655e-16,
3.24193198153967e-16,
3.3096960231736056e-16,
3.3434690985860173e-16,
3.3197843676355063e-16,
3.2848782600157107e-16,
3.393148203063629e-16,
3.3882238707776907e-16,
3.4001860761979573e-16,
3.3514439021995287e-16,
3.2622394049489394e-16,
3.193037283974862e-16,
3.163970650039277e-16,
3.173492478397486e-16,
3.205653161822466e-16,
3.2616946779261585e-16,
3.2702577867242734e-16,
3.2327152003142186e-16,
3.226265632364493e-16,
3.280346131186175e-16,
3.3203944619010216e-16,
3.342314277297722e-16,
3.288517036527887e-16,
3.301045758051846e-16,
3.3158623330714844e-16,
3.2859241358994504e-16,
3.321200657894737e-16,
3.3182155538098984e-16,
3.2464423212882957e-16,
3.2331945600942656e-16,
3.2261566869599374e-16,
3.262936655538099e-16,
3.2819367340926947e-16,
3.2583391594658294e-16,
3.2406682148468187e-16,
3.244132678711705e-16,
3.19848455420267e-16,
3.130698723487824e-16,
3.124423468185389e-16,
3.192710447761194e-16,
3.2889310290652e-16,
3.381534622937942e-16,
3.44315414375491e-16,
3.3761745090337784e-16,
3.3242075510604874e-16,
3.303442556952082e-16,
3.328129585624509e-16,
3.221994972505892e-16,
3.0947249509033776e-16,
3.078579241948154e-16,
2.983339169285153e-16,
2.8788169481539673e-16,
2.8319922132757263e-16,
2.789045934799686e-16,
2.8657870777690497e-16,
3.0009011684996076e-16,
3.0862489984289084e-16,
3.15253138256088e-16,
3.208093538884525e-16,
3.2089433130400624e-16,
3.131265239591516e-16,
3.171466093872742e-16,
3.3834738511390416e-16,
3.4749879909662217e-16,
3.459931736056559e-16,
3.512486999214454e-16,
3.574237254516888e-16,
3.245091398271799e-16,
3.1732745875883735e-16,
3.376130930871956e-16,
3.4582539768263942e-16,
3.594653623330715e-16,
3.7196793695993713e-16,
3.8639448743126476e-16,
3.96539483503535e-16,
3.9136239787902595e-16,
3.7499226139041635e-16,
3.465270060879811e-16,
3.222888324823252e-16,
3.095356834249804e-16,
3.041276335428123e-16,
3.127059946975648e-16,
3.2043893951296155e-16,
3.1081470247446976e-16,
3.0623899548311075e-16,
3.1842344952867245e-16,
3.3399610565593086e-16,
3.342270699135899e-16,
3.204934122152396e-16,
3.156714886095837e-16,
3.35447258444619e-16,
3.487385978004713e-16,
3.319740789473684e-16,
3.215327513747054e-16,
3.3123978692065983e-16,
3.4833985761979576e-16,
3.487037352710133e-16,
3.2783851139041634e-16,
3.1820991653574234e-16,
3.299999882168107e-16,
3.4190554202670853e-16,
3.329240828750982e-16,
3.1225060290652003e-16,
3.068578053809898e-16,
3.234066123330715e-16,
3.3679382364493324e-16,
3.2781454340141397e-16,
3.105510545954438e-16,
3.0344563531029067e-16,
3.199857266300079e-16,
3.337912882953652e-16,
3.2951191280439904e-16,
3.1636438138256085e-16,
3.1408524351924587e-16,
3.282525039277298e-16,
3.3316376276512174e-16,
3.302091633935585e-16,
3.324360074626866e-16,
3.330657119010212e-16,
3.2821982030636293e-16,
3.277317448939513e-16,
3.2553976335428124e-16,
3.179680577376277e-16,
3.200358415161037e-16,
3.173492478397486e-16,
3.1164922427337005e-16,
3.1551460722702275e-16,
3.1811840239591515e-16,
3.142573772584446e-16,
3.122593185388846e-16,
3.079058601728201e-16,
3.095073576197958e-16,
3.2116451590730556e-16,
3.245156765514532e-16,
3.2174846327572665e-16,
3.222539699528672e-16,
3.235199155538099e-16,
3.254526070306363e-16,
3.3144896209740773e-16,
3.329959868421053e-16,
3.220077533385703e-16,
3.096751335428123e-16,
3.1487182934014136e-16,
3.2371165946582874e-16,
3.2968840435978e-16,
3.2614332089552235e-16,
3.2114490573448545e-16,
3.183384721131186e-16,
3.177872083660644e-16,
3.1615956402199527e-16,
3.150526787117046e-16,
3.134533601728201e-16,
3.174712666928515e-16,
3.159983248232522e-16,
3.093025402592302e-16,
3.099692861351139e-16,
3.1019807148468187e-16,
3.126253750981932e-16,
3.201731127258445e-16,
3.1915992046347206e-16,
3.11967344854674e-16,
3.1421162018853104e-16,
3.1151413197172036e-16,
3.1226149744697563e-16,
3.128519815396701e-16,
3.214412372348782e-16,
3.2568575019638653e-16,
3.2674252062058134e-16,
3.2926133837391994e-16,
3.2273115082482326e-16,
3.1838422918303216e-16,
3.2570318146111546e-16,
3.3507030734485466e-16,
3.280476865671642e-16,
3.200467360565593e-16,
3.287536527886882e-16,
3.3820139827179893e-16,
3.28734042615868e-16,
3.207265553809898e-16,
3.1805521406127264e-16,
3.1242055773762764e-16,
3.1302847309505105e-16,
3.1606151315789474e-16,
3.193124440298508e-16,
3.147999253731343e-16,
3.1470623232521596e-16,
3.1673915357423405e-16,
3.176891575019639e-16,
3.2295557835820896e-16,
3.1716621956009426e-16,
3.114444069128044e-16,
3.1493283876669284e-16,
3.176586527886881e-16,
3.138521003534957e-16,
3.179005115868029e-16,
3.2653116653574237e-16,
3.2085293205027493e-16,
3.148151777297722e-16,
3.1160564611154756e-16,
3.0922845738413194e-16,
3.1822734780047133e-16,
3.13998087195601e-16,
3.0848980754124115e-16,
3.089865985860173e-16,
3.1318535447761194e-16,
3.0934176060487043e-16,
3.0653532698350353e-16,
3.0090502847604084e-16,
2.998940151217596e-16,
3.0507545856245093e-16,
3.100608002749411e-16,
3.1195427140612725e-16,
3.17780671641791e-16,
3.202079752553024e-16,
3.115119530636292e-16,
3.081651502356638e-16,
3.103505950510605e-16,
3.1170151806755696e-16,
3.1853893165750197e-16,
3.0531513845247444e-16,
3.095901561272584e-16,
3.193799901806756e-16,
3.0584679202670857e-16,
3.0350228692065984e-16,
3.129979683817754e-16,
3.099126345247447e-16,
3.059884210526316e-16,
3.1105874018067557e-16,
3.133683827572663e-16,
3.1565405734485465e-16,
3.2043676060487037e-16,
3.1962838570306363e-16,
3.16366560290652e-16,
3.12108973880597e-16,
3.1101298311076195e-16,
3.18521500392773e-16,
3.176826207776905e-16,
3.1293695895522386e-16,
3.18275283778476e-16,
3.156148369992144e-16,
3.144251531814611e-16,
3.170289483503535e-16,
3.136603564414768e-16,
3.091304065200314e-16,
3.0621938531029063e-16,
3.043019461901021e-16,
3.1209807934014135e-16,
3.18963818735271e-16,
3.10041190102121e-16,
3.11525026512176e-16,
3.1770005204241946e-16,
3.0902364002356636e-16,
3.119978495679497e-16,
3.17479982325216e-16,
3.131461341319717e-16,
3.1034187941869603e-16,
3.1971772093479964e-16,
3.2009902985074623e-16,
3.119978495679497e-16,
3.124924617046347e-16,
